0.333609182,4
1.011132535,10372
1.688656055,16753
2.366179743,2129
3.043703599,767
3.721227622,1846
4.398751813,2626
5.076276172,3528
5.753800699,4033
6.431325393,4105
7.108850256,3910
7.786375286,3937
8.463900483,5895
9.141425849,18792
9.818951382,10716
10.49647708,4516
11.17400295,2060
11.85152899,1400
12.52905519,724
13.20658156,681
13.8841081,610
14.56163481,547
15.23916169,505
15.91668873,437
16.59421594,473
17.27174332,469
17.94927087,457
18.62679858,472
19.30432646,416
19.98185451,434
20.65938273,404
21.33691111,412
22.01443967,405
22.69196839,431
23.36949728,387
24.04702633,394
24.72455556,359
25.40208495,372
26.07961451,356
26.75714424,355
27.43467413,344
28.11220419,346
28.78973442,340
29.46726482,399
30.14479539,347
30.82232612,344
31.49985702,350
32.17738809,289
32.85491933,307
33.53245073,356
34.20998231,273
34.88751405,320
35.56504595,323
36.24257803,316
36.92011027,310
37.59764269,279
38.27517526,319
38.95270801,267
39.63024093,273
40.30777401,299
40.98530726,305
41.66284068,310
42.34037426,321
43.01790802,283
43.69544194,276
44.37297603,298
45.05051028,293
45.72804471,300
46.4055793,301
47.08311406,302
47.76064899,293
48.43818408,292
49.11571934,300
49.79325478,303
50.47079037,265
51.14832614,268
51.82586208,271
52.50339818,259
53.18093445,286
53.85847088,343
54.53600749,269
55.21354426,284
55.8910812,264
56.56861831,261
57.24615559,298
57.92369303,253
58.60123064,281
59.27876842,262
59.95630637,306
60.63384449,292
61.31138277,273
61.98892122,286
62.66645984,271
63.34399862,298
64.02153758,320
64.6990767,283
65.37661599,285
66.05415545,271
66.73169507,279
67.40923486,258
68.08677482,229
68.76431495,299
69.44185525,301
70.11939571,314
70.79693634,280
71.47447714,259
72.15201811,350
72.82955924,371
73.50710055,345
74.18464202,331
74.86218365,515
75.53972546,332
76.21726743,299
76.89480958,310
77.57235188,300
78.24989436,313
78.92743701,309
79.60497982,324
80.2825228,305
80.96006595,298
81.63760926,275
82.31515274,303
82.9926964,320
83.67024021,319
84.3477842,363
85.02532836,445
85.70287268,354
86.38041717,297
87.05796183,402
87.73550665,361
88.41305164,336
89.0905968,285
89.76814213,339
90.44568763,316
91.12323329,368
91.80077913,310
92.47832513,328
93.15587129,300
93.83341763,301
94.51096413,348
95.1885108,317
95.86605764,361
96.54360465,344
97.22115182,302
97.89869916,320
98.57624667,327
99.25379435,340
99.93134219,356
100.6088902,384
101.2864384,330
101.9639867,362
102.6415353,353
103.3190839,343
103.9966328,362
104.6741818,347
105.351731,389
106.0292803,328
106.7068299,383
107.3843796,352
108.0619294,359
108.7394794,383
109.4170296,401
110.09458,348
110.7721305,390
111.4496812,415
112.1272321,394
112.8047831,342
113.4823343,371
114.1598857,417
114.8374372,349
115.5149889,407
116.1925408,394
116.8700928,413
117.547645,409
118.2251974,391
118.90275,391
119.5803027,413
120.2578556,420
120.9354086,408
121.6129618,437
122.2905152,433
122.9680687,417
123.6456225,414
124.3231763,405
125.0007304,416
125.6782846,433
126.355839,392
127.0333936,413
127.7109483,426
128.3885032,456
129.0660582,424
129.7436135,420
130.4211688,411
131.0987244,438
131.7762801,458
132.453836,432
133.1313921,435
133.8089483,433
134.4865047,455
135.1640613,443
135.841618,437
136.5191749,434
137.196732,435
137.8742893,426
138.5518467,413
139.2294042,420
139.906962,448
140.5845199,420
141.262078,444
141.9396362,440
142.6171946,437
143.2947532,422
143.972312,458
144.6498709,425
145.32743,417
146.0049892,507
146.6825486,515
147.3601082,429
148.037668,431
148.7152279,414
149.392788,463
150.0703483,440
150.7479087,458
151.4254693,433
152.10303,457
152.780591,439
153.4581521,475
154.1357133,482
154.8132748,437
155.4908364,437
156.1683981,445
156.8459601,453
157.5235222,451
158.2010844,446
158.8786469,523
159.5562095,500
160.2337723,490
160.9113352,427
161.5888983,408
162.2664616,438
162.9440251,448
163.6215887,464
164.2991524,492
164.9767164,455
165.6542805,469
166.3318448,442
167.0094093,461
167.6869739,415
168.3645387,398
169.0421036,428
169.7196687,462
170.397234,456
171.0747995,440
171.7523651,425
172.4299309,480
173.1074969,441
173.785063,421
174.4626293,420
175.1401958,434
175.8177624,458
176.4953292,423
177.1728962,428
177.8504633,411
178.5280306,467
179.2055981,421
179.8831657,416
180.5607335,446
181.2383015,438
181.9158697,421
182.593438,433
183.2710065,436
183.9485751,417
184.6261439,440
185.3037129,413
185.981282,421
186.6588514,433
187.3364209,399
188.0139905,421
188.6915603,420
189.3691303,458
190.0467005,398
190.7242708,414
191.4018413,397
192.0794119,446
192.7569828,468
193.4345538,418
194.1121249,431
194.7896963,398
195.4672678,428
196.1448394,386
196.8224113,421
197.4999833,424
198.1775554,432
198.8551278,418
199.5327003,427
200.210273,402
200.8878458,440
201.5654188,368
202.242992,390
202.9205653,401
203.5981388,419
204.2757125,380
204.9532864,380
205.6308604,394
206.3084346,404
206.9860089,398
207.6635834,408
208.3411581,388
209.018733,407
209.696308,358
210.3738832,371
211.0514585,429
211.7290341,392
212.4066098,397
213.0841856,411
213.7617616,390
214.4393378,395
215.1169142,385
215.7944907,407
216.4720674,368
217.1496443,381
217.8272213,338
218.5047985,397
219.1823759,353
219.8599534,366
220.5375312,396
221.215109,358
221.8926871,394
222.5702653,398
223.2478437,357
223.9254222,366
224.6030009,358
225.2805798,344
225.9581588,393
226.6357381,360
227.3133174,368
227.990897,373
228.6684767,358
229.3460566,366
230.0236367,364
230.7012169,344
231.3787973,391
232.0563778,367
232.7339585,354
233.4115394,384
234.0891205,366
234.7667017,338
235.4442831,368
236.1218647,338
236.7994464,384
237.4770283,368
238.1546104,332
238.8321926,330
239.509775,335
240.1873576,339
240.8649403,355
241.5425232,359
242.2201063,429
242.8976896,312
243.575273,340
244.2528565,336
244.9304403,327
245.6080242,346
246.2856083,336
246.9631925,319
247.640777,342
248.3183615,332
248.9959463,303
249.6735312,318
250.3511163,304
251.0287015,332
251.706287,314
252.3838726,285
253.0614583,308
253.7390442,305
254.4166303,325
255.0942166,363
255.771803,269
256.4493896,317
257.1269764,290
257.8045633,346
258.4821504,307
259.1597377,347
259.8373251,282
260.5149127,325
261.1925005,272
261.8700884,284
262.5476766,320
263.2252648,291
263.9028533,290
264.5804419,326
265.2580307,298
265.9356196,308
266.6132087,311
267.290798,292
267.9683874,303
268.6459771,258
269.3235668,273
270.0011568,306
270.6787469,240
271.3563372,284
272.0339277,286
272.7115183,333
273.3891091,290
274.0667,287
274.7442912,286
275.4218825,283
276.0994739,279
276.7770655,292
277.4546573,288
278.1322493,270
278.8098414,283
279.4874337,272
280.1650262,288
280.8426188,304
281.5202117,287
282.1978046,273
282.8753978,266
283.5529911,291
284.2305845,263
284.9081782,259
285.585772,256
286.263366,259
286.9409601,281
287.6185544,272
288.2961489,276
288.9737436,253
289.6513384,254
290.3289334,248
291.0065285,267
291.6841238,269
292.3617193,257
293.039315,235
293.7169108,234
294.3945068,290
295.072103,378
295.7496993,343
296.4272958,227
297.1048924,255
297.7824893,242
298.4600863,255
299.1376834,204
299.8152808,231
300.4928783,246
301.1704759,231
301.8480738,259
302.5256718,230
303.20327,243
303.8808683,259
304.5584668,231
305.2360655,223
305.9136643,243
306.5912633,248
307.2688625,253
307.9464619,244
308.6240614,242
309.3016611,238
309.9792609,259
310.6568609,247
311.3344611,218
312.0120615,254
312.689662,231
313.3672627,244
314.0448635,263
314.7224646,226
315.4000657,233
316.0776671,218
316.7552686,218
317.4328703,246
318.1104722,194
318.7880742,254
319.4656764,221
320.1432788,232
320.8208813,216
321.498484,234
322.1760869,238
322.8536899,272
323.5312931,221
324.2088965,207
324.8865,203
325.5641038,222
326.2417076,223
326.9193117,203
327.5969159,205
328.2745203,218
328.9521248,210
329.6297295,206
330.3073344,210
330.9849395,235
331.6625447,215
332.3401501,225
333.0177556,251
333.6953613,397
334.3729672,910
335.0505733,229
335.7281795,229
336.4057859,221
337.0833925,229
337.7609992,215
338.4386061,200
339.1162132,207
339.7938204,217
340.4714278,192
341.1490353,197
341.8266431,188
342.504251,212
343.1818591,201
343.8594673,221
344.5370757,179
345.2146843,220
345.892293,198
346.5699019,191
347.247511,200
347.9251202,169
348.6027297,178
349.2803392,196
349.957949,201
350.6355589,173
351.313169,258
351.9907792,364
352.6683896,297
353.3460002,193
354.023611,175
354.7012219,183
355.378833,188
356.0564443,203
356.7340557,176
357.4116673,179
358.089279,166
358.766891,188
359.4445031,168
360.1221153,171
360.7997278,174
361.4773404,162
362.1549531,173
362.8325661,165
363.5101792,176
364.1877924,184
364.8654059,183
365.5430195,168
366.2206333,162
366.8982472,163
367.5758613,162
368.2534756,145
368.93109,188
369.6087046,197
370.2863194,161
370.9639344,171
371.6415495,156
372.3191648,177
372.9967802,156
373.6743958,178
374.3520116,161
375.0296276,159
375.7072437,147
376.38486,167
377.0624764,162
377.7400931,177
378.4177099,155
379.0953268,151
379.772944,138
380.4505613,148
381.1281787,159
381.8057963,167
382.4834141,165
383.1610321,137
383.8386503,164
384.5162686,169
385.193887,160
385.8715057,151
386.5491245,155
387.2267434,142
387.9043626,152
388.5819819,138
389.2596014,159
389.937221,150
390.6148408,133
391.2924608,144
391.970081,133
392.6477013,156
393.3253218,153
394.0029424,128
394.6805632,145
395.3581842,167
396.0358054,124
396.7134267,149
397.3910482,159
398.0686698,146
398.7462917,159
399.4239137,156
400.1015358,160
400.7791582,117
401.4567807,143
402.1344033,137
402.8120262,130
403.4896492,113
404.1672723,140
404.8448957,124
405.5225192,124
406.2001428,142
406.8777667,126
407.5553907,157
408.2330149,138
408.9106392,138
409.5882637,129
410.2658884,139
410.9435132,142
411.6211382,134
412.2987634,133
412.9763888,157
413.6540143,155
414.33164,127
415.0092658,122
415.6868918,143
416.364518,121
417.0421444,139
417.7197709,117
418.3973976,129
419.0750245,147
419.7526515,134
420.4302787,146
421.107906,140
421.7855336,146
422.4631613,131
423.1407891,136
423.8184172,132
424.4960454,132
425.1736737,134
425.8513023,116
426.528931,111
427.2065599,149
427.8841889,128
428.5618181,122
429.2394475,125
429.917077,120
430.5947067,137
431.2723366,120
431.9499667,118
432.6275969,119
433.3052273,134
433.9828578,117
434.6604885,121
435.3381194,135
436.0157505,122
436.6933817,110
437.3710131,131
438.0486446,126
438.7262763,110
439.4039082,121
440.0815403,116
440.7591725,128
441.4368049,110
442.1144375,108
442.7920702,120
443.4697031,112
444.1473362,131
444.8249694,116
445.5026028,108
446.1802364,116
446.8578701,122
447.535504,109
448.2131381,110
448.8907723,106
449.5684067,122
450.2460413,132
450.9236761,111
451.601311,98
452.2789461,92
452.9565813,106
453.6342167,116
454.3118523,119
454.989488,142
455.667124,101
456.34476,101
457.0223963,102
457.7000327,125
458.3776693,109
459.0553061,120
459.732943,114
460.4105801,85
461.0882173,95
461.7658548,105
462.4434924,105
463.1211301,127
463.7987681,102
464.4764062,101
465.1540444,123
465.8316829,97
466.5093215,105
467.1869602,121
467.8645992,105
468.5422383,106
469.2198775,82
469.897517,106
470.5751566,99
471.2527964,107
471.9304363,126
472.6080764,100
473.2857167,101
473.9633572,99
474.6409978,100
475.3186386,104
475.9962795,99
476.6739206,99
477.3515619,112
478.0292034,109
478.706845,86
479.3844868,100
480.0621287,104
480.7397709,103
481.4174131,104
482.0950556,107
482.7726982,83
483.450341,104
484.127984,98
484.8056271,101
485.4832704,97
486.1609139,78
486.8385575,108
487.5162013,79
488.1938453,98
488.8714894,98
489.5491337,102
490.2267782,89
490.9044229,99
491.5820677,88
492.2597126,106
492.9373578,92
493.6150031,94
494.2926486,120
494.9702942,89
495.64794,85
496.325586,74
497.0032322,99
497.6808785,93
498.358525,114
499.0361716,79
499.7138185,96
500.3914654,80
501.0691126,81
501.7467599,104
502.4244074,102
503.1020551,82
503.7797029,108
504.4573509,76
505.1349991,107
505.8126474,92
506.4902959,110
507.1679446,102
507.8455934,111
508.5232424,127
509.2008916,192
509.8785409,372
510.5561904,589
511.2338401,667
511.9114899,557
512.58914,345
513.2667901,195
513.9444405,108
514.622091,105
515.2997417,88
515.9773925,87
516.6550435,62
517.3326947,82
518.0103461,66
518.6879976,89
519.3656493,74
520.0433011,89
520.7209531,83
521.3986053,80
522.0762577,78
522.7539102,78
523.4315629,81
524.1092158,81
524.7868688,83
525.464522,75
526.1421754,60
526.8198289,63
527.4974826,78
528.1751365,87
528.8527905,85
529.5304447,67
530.2080991,79
530.8857536,79
531.5634083,65
532.2410632,76
532.9187182,80
533.5963735,79
534.2740288,67
534.9516844,79
535.6293401,61
536.306996,87
536.984652,60
537.6623082,65
538.3399646,84
539.0176212,71
539.6952779,71
540.3729348,68
541.0505918,84
541.7282491,74
542.4059064,84
543.083564,74
543.7612217,79
544.4388796,67
545.1165377,72
545.7941959,66
546.4718543,66
547.1495129,68
547.8271716,67
548.5048305,72
549.1824896,68
549.8601488,83
550.5378082,76
551.2154678,81
551.8931275,64
552.5707874,67
553.2484475,77
553.9261078,67
554.6037682,74
555.2814287,83
555.9590895,69
556.6367504,69
557.3144115,83
557.9920727,66
558.6697342,72
559.3473957,65
560.0250575,70
560.7027194,68
561.3803815,64
562.0580438,49
562.7357062,68
563.4133688,51
564.0910315,78
564.7686945,55
565.4463575,62
566.1240208,69
566.8016842,70
567.4793478,55
568.1570116,66
568.8346755,72
569.5123396,77
570.1900039,84
570.8676683,66
571.5453329,78
572.2229977,75
572.9006627,62
573.5783278,81
574.255993,72
574.9336585,76
575.6113241,65
576.2889899,77
576.9666558,79
577.6443219,59
578.3219882,71
578.9996547,64
579.6773213,80
580.3549881,53
581.032655,54
581.7103221,71
582.3879894,66
583.0656569,52
583.7433245,58
584.4209923,66
585.0986603,64
585.7763284,84
586.4539967,52
587.1316651,60
587.8093338,56
588.4870026,63
589.1646715,60
589.8423407,50
590.52001,64
591.1976794,70
591.8753491,64
592.5530189,58
593.2306889,66
593.908359,50
594.5860293,54
595.2636998,71
595.9413704,47
596.6190412,73
597.2967122,61
597.9743834,75
598.6520547,68
599.3297262,60
600.0073978,75
600.6850696,65
601.3627416,69
602.0404138,69
602.7180861,57
603.3957586,64
604.0734312,65
604.7511041,61
605.4287771,72
606.1064502,62
606.7841235,58
607.461797,55
608.1394707,68
608.8171445,126
609.4948185,193
610.1724927,120
610.850167,76
611.5278415,71
612.2055162,63
612.883191,65
613.560866,54
614.2385412,57
614.9162166,51
615.5938921,67
616.2715677,56
616.9492436,79
617.6269196,56
618.3045958,62
618.9822721,50
619.6599486,60
620.3376253,61
621.0153022,40
621.6929792,52
622.3706564,65
623.0483337,51
623.7260113,50
624.4036889,55
625.0813668,57
625.7590448,60
626.436723,56
627.1144014,55
627.7920799,48
628.4697586,57
629.1474375,58
629.8251165,55
630.5027957,47
631.1804751,66
631.8581546,63
632.5358343,53
633.2135142,55
633.8911942,64
634.5688744,62
635.2465548,67
635.9242353,58
636.601916,60
637.2795969,60
637.957278,54
638.6349592,50
639.3126406,48
639.9903221,52
640.6680038,61
641.3456857,59
642.0233678,49
642.70105,53
643.3787324,56
644.0564149,54
644.7340976,50
645.4117805,57
646.0894636,59
646.7671468,56
647.4448302,46
648.1225138,45
648.8001975,47
649.4778814,64
650.1555654,57
650.8332497,50
651.5109341,44
652.1886186,41
652.8663034,59
653.5439883,45
654.2216734,47
654.8993586,49
655.577044,49
656.2547296,61
656.9324153,55
657.6101012,59
658.2877873,51
658.9654736,53
659.64316,48
660.3208465,48
660.9985333,60
661.6762202,56
662.3539073,55
663.0315945,43
663.709282,40
664.3869696,56
665.0646573,47
665.7423452,58
666.4200333,50
667.0977216,56
667.77541,36
668.4530986,49
669.1307874,52
669.8084763,49
670.4861654,58
671.1638546,47
671.8415441,52
672.5192337,44
673.1969234,52
673.8746134,44
674.5523035,58
675.2299938,51
675.9076842,52
676.5853748,44
677.2630656,47
677.9407565,42
678.6184476,48
679.2961389,54
679.9738304,53
680.651522,40
681.3292137,40
682.0069057,52
682.6845978,44
683.3622901,48
684.0399826,48
684.7176752,46
685.395368,42
686.0730609,54
686.750754,41
687.4284473,44
688.1061408,40
688.7838344,49
689.4615282,55
690.1392222,39
690.8169163,48
691.4946106,57
692.1723051,51
692.8499997,46
693.5276945,43
694.2053895,58
694.8830846,69
695.5607799,47
696.2384754,52
696.916171,61
697.5938668,45
698.2715628,45
698.9492589,44
699.6269552,51
700.3046517,48
700.9823484,48
701.6600452,43
702.3377422,49
703.0154393,56
703.6931366,48
704.3708341,61
705.0485318,43
705.7262296,40
706.4039276,42
707.0816257,41
707.7593241,51
708.4370226,51
709.1147212,37
709.79242,41
710.470119,54
711.1478182,45
711.8255175,54
712.503217,40
713.1809167,38
713.8586165,34
714.5363165,47
715.2140167,33
715.891717,49
716.5694175,45
717.2471182,34
717.924819,39
718.6025201,51
719.2802212,47
719.9579226,48
720.6356241,54
721.3133258,36
721.9910276,40
722.6687296,41
723.3464318,45
724.0241342,40
724.7018367,52
725.3795394,40
726.0572422,46
726.7349452,46
727.4126484,35
728.0903518,51
728.7680553,44
729.445759,50
730.1234629,42
730.8011669,54
731.4788711,36
732.1565754,47
732.83428,48
733.5119847,47
734.1896895,48
734.8673946,42
735.5450998,41
736.2228051,41
736.9005107,45
737.5782164,32
738.2559223,43
738.9336283,44
739.6113345,33
740.2890409,33
740.9667474,37
741.6444541,42
742.322161,49
742.9998681,53
743.6775753,48
744.3552827,37
745.0329902,51
745.7106979,37
746.3884058,51
747.0661139,41
747.7438221,47
748.4215305,45
749.099239,40
749.7769478,49
750.4546566,43
751.1323657,49
751.8100749,45
752.4877843,43
753.1654939,54
753.8432036,45
754.5209135,35
755.1986236,50
755.8763338,46
756.5540442,32
757.2317548,45
757.9094655,37
758.5871764,31
759.2648875,46
759.9425988,34
760.6203102,26
761.2980217,49
761.9757335,42
762.6534454,39
763.3311575,41
764.0088697,40
764.6865821,52
765.3642947,27
766.0420075,40
766.7197204,43
767.3974335,50
768.0751467,51
768.7528602,55
769.4305737,42
770.1082875,52
770.7860014,47
771.4637155,27
772.1414298,37
772.8191442,34
773.4968588,45
774.1745736,31
774.8522885,34
775.5300036,41
776.2077189,51
776.8854343,47
777.5631499,44
778.2408657,42
778.9185816,39
779.5962977,34
780.274014,35
780.9517304,39
781.629447,33
782.3071638,45
782.9848808,30
783.6625979,39
784.3403152,42
785.0180326,42
785.6957502,31
786.373468,47
787.051186,43
787.7289041,40
788.4066224,38
789.0843408,38
789.7620594,40
790.4397782,36
791.1174972,32
791.7952163,31
792.4729356,31
793.1506551,35
793.8283747,40
794.5060945,39
795.1838145,49
795.8615346,33
796.5392549,46
797.2169754,41
797.894696,34
798.5724168,43
799.2501378,48
799.9278589,36
800.6055802,38
801.2833017,35
801.9610233,37
802.6387451,65
803.3164671,67
803.9941893,53
804.6719116,42
805.349634,34
806.0273567,36
806.7050795,37
807.3828025,20
808.0605256,35
808.738249,37
809.4159725,35
810.0936961,38
810.7714199,31
811.4491439,38
812.1268681,30
812.8045924,44
813.4823169,43
814.1600416,38
814.8377664,38
815.5154914,44
816.1932166,39
816.8709419,27
817.5486674,33
818.2263931,28
818.9041189,23
819.5818449,38
820.2595711,34
820.9372974,43
821.6150239,31
822.2927506,35
822.9704774,25
823.6482044,44
824.3259316,29
825.003659,41
825.6813865,23
826.3591142,39
827.036842,41
827.71457,38
828.3922982,32
829.0700266,38
829.7477551,42
830.4254838,39
831.1032126,28
831.7809416,30
832.4586708,28
833.1364002,38
833.8141297,36
834.4918594,35
835.1695893,43
835.8473193,45
836.5250495,21
837.2027799,39
837.8805104,49
838.5582411,23
839.235972,50
839.913703,45
840.5914342,37
841.2691656,44
841.9468971,33
842.6246288,40
843.3023607,48
843.9800928,36
844.657825,27
845.3355573,35
846.0132899,29
846.6910226,38
847.3687555,41
848.0464885,38
848.7242217,30
849.4019551,42
850.0796887,24
850.7574224,34
851.4351563,31
852.1128904,37
852.7906246,42
853.468359,33
854.1460935,37
854.8238283,32
855.5015631,44
856.1792982,23
856.8570334,37
857.5347688,38
858.2125044,31
858.8902401,29
859.567976,32
860.2457121,38
860.9234483,48
861.6011847,30
862.2789213,32
862.9566581,28
863.634395,41
864.312132,35
864.9898693,41
865.6676067,29
866.3453443,45
867.023082,26
867.7008199,36
868.378558,43
869.0562963,36
869.7340347,35
870.4117733,31
871.089512,35
871.7672509,32
872.44499,38
873.1227293,33
873.8004687,20
874.4782083,33
875.1559481,32
875.833688,28
876.5114281,33
877.1891684,34
877.8669088,43
878.5446494,36
879.2223902,32
879.9001311,37
880.5778722,37
881.2556135,39
881.9333549,33
882.6110965,33
883.2888383,36
883.9665802,27
884.6443223,31
885.3220646,40
885.999807,32
886.6775497,39
887.3552924,28
888.0330354,34
888.7107785,30
889.3885218,35
890.0662652,31
890.7440088,34
891.4217526,29
892.0994966,34
892.7772407,37
893.454985,32
894.1327295,32
894.8104741,42
895.4882189,38
896.1659638,25
896.843709,31
897.5214543,31
898.1991997,38
898.8769453,48
899.5546911,30
900.2324371,35
900.9101832,37
901.5879295,36
902.265676,31
902.9434227,30
903.6211695,32
904.2989164,19
904.9766636,24
905.6544109,29
906.3321584,36
907.009906,30
907.6876538,40
908.3654018,36
909.0431499,29
909.7208983,28
910.3986467,37
911.0763954,36
911.7541442,35
912.4318932,27
913.1096424,34
913.7873917,29
914.4651412,36
915.1428908,30
915.8206406,36
916.4983906,34
917.1761408,31
917.8538911,35
918.5316416,29
919.2093923,35
919.8871431,24
920.5648941,28
921.2426453,39
921.9203966,28
922.5981481,35
923.2758998,24
923.9536516,31
924.6314036,43
925.3091558,26
925.9869082,31
926.6646607,28
927.3424133,28
928.0201662,36
928.6979192,28
929.3756724,38
930.0534257,29
930.7311792,36
931.4089329,19
932.0866868,25
932.7644408,20
933.442195,24
934.1199493,31
934.7977039,41
935.4754586,35
936.1532134,33
936.8309684,34
937.5087236,43
938.186479,36
938.8642345,27
939.5419902,31
940.2197461,35
940.8975021,25
941.5752583,29
942.2530147,34
942.9307712,34
943.6085279,19
944.2862848,32
944.9640418,37
945.641799,28
946.3195564,33
946.997314,33
947.6750717,29
948.3528295,26
949.0305876,40
949.7083458,32
950.3861042,32
951.0638627,35
951.7416214,14
952.4193803,28
953.0971394,27
953.7748986,17
954.452658,29
955.1304175,27
955.8081773,31
956.4859372,19
957.1636972,23
957.8414574,32
958.5192178,23
959.1969784,32
959.8747391,19
960.5525,23
961.2302611,40
961.9080223,38
962.5857837,28
963.2635453,34
963.941307,32
964.6190689,34
965.296831,33
965.9745932,29
966.6523556,44
967.3301182,31
968.007881,33
968.6856439,30
969.363407,30
970.0411702,31
970.7189336,34
971.3966972,38
972.0744609,31
972.7522249,34
973.4299889,38
974.1077532,29
974.7855176,34
975.4632822,31
976.141047,35
976.8188119,25
977.496577,28
978.1743422,31
978.8521077,31
979.5298733,29
980.207639,28
980.8854049,31
981.563171,31
982.2409373,34
982.9187037,23
983.5964703,29
984.2742371,26
984.952004,23
985.6297712,23
986.3075384,33
986.9853059,28
987.6630735,26
988.3408412,28
989.0186092,25
989.6963773,29
990.3741456,35
991.051914,26
991.7296826,19
992.4074514,37
993.0852204,21
993.7629895,29
994.4407588,40
995.1185282,35
995.7962978,14
996.4740676,22
997.1518376,26
997.8296077,29
998.507378,37
999.1851485,32
999.8629191,33
1000.54069,23
1001.218461,29
1001.896232,31
1002.574003,25
1003.251775,29
1003.929546,32
1004.607318,26
1005.28509,35
1005.962862,23
1006.640635,24
1007.318407,34
1007.99618,27
1008.673953,25
1009.351725,36
1010.029499,20
1010.707272,29
1011.385045,32
1012.062819,25
1012.740593,30
1013.418367,28
1014.096141,22
1014.773915,37
1015.45169,28
1016.129464,26
1016.807239,21
1017.485014,36
1018.162789,34
1018.840565,26
1019.51834,25
1020.196116,29
1020.873892,27
1021.551668,28
1022.229444,30
1022.90722,30
1023.584997,29
1024.262773,23
1024.94055,37
1025.618327,25
1026.296104,26
1026.973882,20
1027.651659,27
1028.329437,26
1029.007215,27
1029.684993,31
1030.362771,19
1031.040549,23
1031.718328,22
1032.396106,36
1033.073885,31
1033.751664,27
1034.429444,34
1035.107223,28
1035.785002,24
1036.462782,26
1037.140562,25
1037.818342,34
1038.496122,27
1039.173903,29
1039.851683,26
1040.529464,23
1041.207245,25
1041.885026,23
1042.562807,24
1043.240588,26
1043.91837,25
1044.596151,25
1045.273933,36
1045.951715,21
1046.629497,29
1047.30728,27
1047.985062,31
1048.662845,29
1049.340628,23
1050.018411,29
1050.696194,30
1051.373978,27
1052.051761,22
1052.729545,23
1053.407329,26
1054.085113,24
1054.762897,36
1055.440681,22
1056.118466,17
1056.796251,33
1057.474036,37
1058.151821,25
1058.829606,19
1059.507391,32
1060.185177,24
1060.862963,23
1061.540748,23
1062.218534,17
1062.896321,21
1063.574107,27
1064.251894,22
1064.92968,24
1065.607467,18
1066.285254,28
1066.963042,26
1067.640829,27
1068.318617,25
1068.996404,28
1069.674192,30
1070.35198,22
1071.029769,27
1071.707557,32
1072.385345,29
1073.063134,33
1073.740923,21
1074.418712,34
1075.096501,23
1075.774291,26
1076.45208,24
1077.12987,27
1077.80766,34
1078.48545,26
1079.16324,31
1079.841031,21
1080.518822,24
1081.196612,35
1081.874403,22
1082.552194,16
1083.229986,25
1083.907777,26
1084.585569,20
1085.26336,29
1085.941152,15
1086.618944,34
1087.296737,25
1087.974529,26
1088.652322,22
1089.330114,28
1090.007907,28
1090.6857,29
1091.363494,22
1092.041287,32
1092.719081,15
1093.396875,21
1094.074669,25
1094.752463,31
1095.430257,31
1096.108051,24
1096.785846,17
1097.463641,22
1098.141436,28
1098.819231,23
1099.497026,28
1100.174822,23
1100.852617,23
1101.530413,22
1102.208209,25
1102.886005,23
1103.563801,20
1104.241598,26
1104.919394,20
1105.597191,30
1106.274988,19
1106.952785,25
1107.630583,30
1108.30838,25
1108.986178,30
1109.663976,22
1110.341774,22
1111.019572,38
1111.69737,20
1112.375168,24
1113.052967,20
1113.730766,27
1114.408565,20
1115.086364,25
1115.764163,20
1116.441963,27
1117.119763,25
1117.797562,31
1118.475362,22
1119.153162,41
1119.830963,51
1120.508763,45
1121.186564,36
1121.864365,36
1122.542166,25
1123.219967,24
1123.897768,25
1124.57557,20
1125.253371,23
1125.931173,21
1126.608975,22
1127.286777,27
1127.96458,27
1128.642382,26
1129.320185,31
1129.997988,26
1130.675791,24
1131.353594,29
1132.031397,28
1132.709201,19
1133.387004,21
1134.064808,32
1134.742612,25
1135.420416,19
1136.098221,23
1136.776025,25
1137.45383,24
1138.131635,35
1138.80944,20
1139.487245,28
1140.16505,24
1140.842856,17
1141.520662,24
1142.198467,23
1142.876273,25
1143.55408,22
1144.231886,28
1144.909693,23
1145.587499,20
1146.265306,28
1146.943113,34
1147.62092,20
1148.298728,19
1148.976535,25
1149.654343,18
1150.332151,22
1151.009959,24
1151.687767,22
1152.365575,26
1153.043384,26
1153.721193,13
1154.399002,26
1155.076811,27
1155.75462,20
1156.432429,33
1157.110239,29
1157.788048,21
1158.465858,19
1159.143668,12
1159.821479,18
1160.499289,24
1161.1771,19
1161.85491,23
1162.532721,21
1163.210532,24
1163.888343,20
1164.566155,27
1165.243966,26
1165.921778,32
1166.59959,20
1167.277402,25
1167.955214,23
1168.633027,31
1169.310839,27
1169.988652,26
1170.666465,27
1171.344278,18
1172.022091,24
1172.699905,32
1173.377718,25
1174.055532,21
1174.733346,27
1175.41116,27
1176.088974,18
1176.766789,25
1177.444603,21
1178.122418,31
1178.800233,28
1179.478048,27
1180.155863,24
1180.833679,29
1181.511494,22
1182.18931,23
1182.867126,19
1183.544942,17
1184.222758,22
1184.900575,22
1185.578391,27
1186.256208,27
1186.934025,20
1187.611842,17
1188.289659,20
1188.967477,32
1189.645294,20
1190.323112,16
1191.00093,29
1191.678748,21
1192.356566,27
1193.034385,34
1193.712203,25
1194.390022,25
1195.067841,28
1195.74566,25
1196.423479,14
1197.101299,26
1197.779119,29
1198.456938,25
1199.134758,24
1199.812578,18
1200.490399,15
1201.168219,31
1201.84604,30
1202.523861,26
1203.201681,17
1203.879503,32
1204.557324,25
1205.235145,21
1205.912967,16
1206.590789,19
1207.268611,24
1207.946433,21
1208.624255,21
1209.302078,25
1209.9799,26
1210.657723,22
1211.335546,21
1212.013369,27
1212.691192,28
1213.369016,27
1214.04684,18
1214.724663,31
1215.402487,19
1216.080311,19
1216.758136,21
1217.43596,24
1218.113785,27
1218.79161,23
1219.469435,21
1220.14726,25
1220.825085,27
1221.502911,36
1222.180736,14
1222.858562,21
1223.536388,22
1224.214214,27
1224.892041,32
1225.569867,18
1226.247694,23
1226.925521,26
1227.603348,21
1228.281175,21
1228.959002,19
1229.63683,18
1230.314657,19
1230.992485,21
1231.670313,21
1232.348141,24
1233.02597,22
1233.703798,17
1234.381627,23
1235.059456,25
1235.737285,17
1236.415114,24
1237.092943,18
1237.770773,32
1238.448602,25
1239.126432,33
1239.804262,32
1240.482092,27
1241.159923,26
1241.837753,22
1242.515584,29
1243.193415,28
1243.871246,27
1244.549077,20
1245.226908,28
1245.90474,26
1246.582572,24
1247.260403,21
1247.938235,30
1248.616068,29
1249.2939,16
1249.971732,24
1250.649565,22
1251.327398,29
1252.005231,18
1252.683064,17
1253.360898,22
1254.038731,15
1254.716565,27
1255.394399,17
1256.072233,16
1256.750067,31
1257.427901,17
1258.105736,26
1258.783571,20
1259.461406,18
1260.139241,27
1260.817076,21
1261.494911,22
1262.172747,20
1262.850582,11
1263.528418,20
1264.206254,21
1264.884091,16
1265.561927,19
1266.239764,24
1266.9176,21
1267.595437,26
1268.273274,21
1268.951111,18
1269.628949,14
1270.306786,21
1270.984624,17
1271.662462,17
1272.3403,20
1273.018138,18
1273.695977,24
1274.373815,25
1275.051654,13
1275.729493,20
1276.407332,22
1277.085171,21
1277.763011,25
1278.44085,16
1279.11869,24
1279.79653,20
1280.47437,20
1281.15221,23
1281.830051,26
1282.507891,20
1283.185732,31
1283.863573,23
1284.541414,28
1285.219255,20
1285.897097,26
1286.574938,26
1287.25278,20
1287.930622,17
1288.608464,21
1289.286306,23
1289.964149,24
1290.641991,26
1291.319834,18
1291.997677,18
1292.67552,22
1293.353363,18
1294.031207,15
1294.70905,13
1295.386894,15
1296.064738,18
1296.742582,15
1297.420426,20
1298.098271,16
1298.776115,23
1299.45396,18
1300.131805,16
1300.80965,22
1301.487496,18
1302.165341,21
1302.843187,15
1303.521032,15
1304.198878,21
1304.876725,16
1305.554571,24
1306.232417,23
1306.910264,11
1307.588111,18
1308.265958,17
1308.943805,24
1309.621652,20
1310.299499,13
1310.977347,17
1311.655195,23
1312.333043,21
1313.010891,24
1313.688739,17
1314.366588,16
1315.044436,19
1315.722285,18
1316.400134,18
1317.077983,17
1317.755833,23
1318.433682,12
1319.111532,15
1319.789382,18
1320.467232,16
1321.145082,19
1321.822932,12
1322.500782,19
1323.178633,18
1323.856484,21
1324.534335,16
1325.212186,19
1325.890037,16
1326.567889,23
1327.245741,19
1327.923592,20
1328.601444,11
1329.279296,15
1329.957149,24
1330.635001,17
1331.312854,21
1331.990707,20
1332.66856,13
1333.346413,20
1334.024266,23
1334.70212,14
1335.379973,16
1336.057827,16
1336.735681,19
1337.413535,17
1338.09139,19
1338.769244,24
1339.447099,20
1340.124954,15
1340.802809,24
1341.480664,18
1342.158519,23
1342.836375,17
1343.514231,18
1344.192086,20
1344.869942,10
1345.547799,22
1346.225655,28
1346.903511,19
1347.581368,21
1348.259225,13
1348.937082,18
1349.614939,26
1350.292797,18
1350.970654,15
1351.648512,26
1352.32637,19
1353.004228,17
1353.682086,19
1354.359944,17
1355.037803,10
1355.715661,16
1356.39352,20
1357.071379,24
1357.749239,13
1358.427098,23
1359.104957,20
1359.782817,16
1360.460677,16
1361.138537,19
1361.816397,21
1362.494258,16
1363.172118,21
1363.849979,17
1364.52784,16
1365.205701,23
1365.883562,21
1366.561423,18
1367.239285,22
1367.917147,17
1368.595009,24
1369.272871,17
1369.950733,17
1370.628595,16
1371.306458,13
1371.984321,26
1372.662183,19
1373.340047,21
1374.01791,13
1374.695773,11
1375.373637,21
1376.0515,18
1376.729364,11
1377.407228,17
1378.085093,29
1378.762957,25
1379.440822,16
1380.118686,21
1380.796551,19
1381.474416,15
1382.152282,17
1382.830147,16
1383.508013,9
1384.185878,20
1384.863744,18
1385.54161,18
1386.219477,16
1386.897343,22
1387.57521,15
1388.253076,14
1388.930943,14
1389.60881,18
1390.286678,18
1390.964545,19
1391.642413,25
1392.32028,16
1392.998148,12
1393.676016,14
1394.353885,20
1395.031753,16
1395.709622,14
1396.38749,17
1397.065359,19
1397.743228,12
1398.421098,20
1399.098967,16
1399.776837,20
1400.454707,17
1401.132577,17
1401.810447,18
1402.488317,15
1403.166187,23
1403.844058,10
1404.521929,16
1405.1998,17
1405.877671,14
1406.555542,17
1407.233414,21
1407.911285,19
1408.589157,16
1409.267029,20
1409.944901,21
1410.622773,17
1411.300646,11
1411.978518,18
1412.656391,21
1413.334264,17
1414.012137,13
1414.690011,15
1415.367884,20
1416.045758,8
1416.723631,20
1417.401505,23
1418.07938,15
1418.757254,18
1419.435128,16
1420.113003,15
1420.790878,19
1421.468753,16
1422.146628,19
1422.824503,17
1423.502379,12
1424.180254,18
1424.85813,15
1425.536006,17
1426.213882,17
1426.891759,16
1427.569635,22
1428.247512,20
1428.925388,9
1429.603265,25
1430.281143,17
1430.95902,17
1431.636897,16
1432.314775,13
1432.992653,14
1433.670531,17
1434.348409,14
1435.026287,21
1435.704166,13
1436.382045,11
1437.059923,16
1437.737802,10
1438.415682,11
1439.093561,20
1439.77144,14
1440.44932,13
1441.1272,12
1441.80508,15
1442.48296,13
1443.16084,17
1443.838721,17
1444.516602,13
1445.194482,17
1445.872363,20
1446.550245,22
1447.228126,19
1447.906007,15
1448.583889,26
1449.261771,15
1449.939653,12
1450.617535,10
1451.295418,8
1451.9733,13
1452.651183,10
1453.329066,20
1454.006949,16
1454.684832,16
1455.362715,20
1456.040599,16
1456.718482,15
1457.396366,15
1458.07425,16
1458.752135,12
1459.430019,23
1460.107903,47
1460.785788,100
1461.463673,96
1462.141558,62
1462.819443,39
1463.497329,18
1464.175214,12
1464.8531,12
1465.530986,12
1466.208872,10
1466.886758,14
1467.564644,15
1468.242531,13
1468.920418,15
1469.598305,10
1470.276192,12
1470.954079,10
1471.631966,16
1472.309854,16
1472.987741,15
1473.665629,13
1474.343517,13
1475.021406,11
1475.699294,14
1476.377183,19
1477.055071,15
1477.73296,12
1478.410849,14
1479.088739,16
1479.766628,9
1480.444517,18
1481.122407,16
1481.800297,6
1482.478187,13
1483.156077,10
1483.833968,12
1484.511858,16
1485.189749,19
1485.86764,9
1486.545531,11
1487.223422,17
1487.901314,23
1488.579205,13
1489.257097,11
1489.934989,15
1490.612881,17
1491.290773,18
1491.968666,13
1492.646558,15
1493.324451,9
1494.002344,11
1494.680237,23
1495.35813,12
1496.036024,16
1496.713917,21
1497.391811,13
1498.069705,15
1498.747599,15
1499.425493,11
1500.103388,13
1500.781283,18
1501.459177,18
1502.137072,14
1502.814967,14
1503.492863,16
1504.170758,16
1504.848654,12
1505.526549,13
1506.204445,11
1506.882341,17
1507.560238,22
1508.238134,15
1508.916031,25
1509.593928,17
1510.271825,22
1510.949722,22
1511.627619,10
1512.305516,12
1512.983414,16
1513.661312,18
1514.33921,18
1515.017108,16
1515.695006,14
1516.372905,19
1517.050803,9
1517.728702,12
1518.406601,16
1519.0845,14
1519.762399,15
1520.440299,15
1521.118199,7
1521.796098,12
1522.473998,16
1523.151898,13
1523.829799,15
1524.507699,15
1525.1856,12
1525.863501,23
1526.541402,14
1527.219303,20
1527.897204,16
1528.575106,16
1529.253007,15
1529.930909,12
1530.608811,13
1531.286713,7
1531.964615,12
1532.642518,20
1533.320421,17
1533.998323,8
1534.676226,10
1535.35413,12
1536.032033,11
1536.709936,19
1537.38784,14
1538.065744,15
1538.743648,11
1539.421552,18
1540.099456,13
1540.777361,13
1541.455265,18
1542.13317,11
1542.811075,17
1543.488981,13
1544.166886,13
1544.844791,18
1545.522697,8
1546.200603,10
1546.878509,11
1547.556415,21
1548.234321,20
1548.912228,18
1549.590135,15
1550.268041,14
1550.945948,11
1551.623856,12
1552.301763,7
1552.97967,10
1553.657578,9
1554.335486,14
1555.013394,12
1555.691302,9
1556.369211,14
1557.047119,13
1557.725028,10
1558.402937,11
1559.080846,19
1559.758755,10
1560.436664,13
1561.114574,17
1561.792483,15
1562.470393,14
1563.148303,17
1563.826214,14
1564.504124,8
1565.182034,10
1565.859945,14
1566.537856,9
1567.215767,14
1567.893678,13
1568.57159,16
1569.249501,13
1569.927413,13
1570.605325,16
1571.283237,10
1571.961149,17
1572.639061,11
1573.316974,16
1573.994887,11
1574.6728,13
1575.350713,9
1576.028626,18
1576.706539,15
1577.384453,14
1578.062367,16
1578.74028,14
1579.418195,18
1580.096109,18
1580.774023,16
1581.451938,8
1582.129852,11
1582.807767,11
1583.485682,10
1584.163598,13
1584.841513,11
1585.519429,12
1586.197344,13
1586.87526,19
1587.553176,15
1588.231093,11
1588.909009,24
1589.586926,21
1590.264842,14
1590.942759,13
1591.620676,13
1592.298594,16
1592.976511,23
1593.654429,18
1594.332346,20
1595.010264,12
1595.688182,13
1596.366101,16
1597.044019,13
1597.721938,11
1598.399856,11
1599.077775,16
1599.755694,10
1600.433614,21
1601.111533,12
1601.789453,11
1602.467372,16
1603.145292,16
1603.823212,9
1604.501133,13
1605.179053,9
1605.856974,14
1606.534894,9
1607.212815,7
1607.890737,16
1608.568658,11
1609.246579,8
1609.924501,9
1610.602423,13
1611.280345,7
1611.958267,11
1612.636189,14
1613.314111,15
1613.992034,11
1614.669957,11
1615.34788,6
1616.025803,11
1616.703726,8
1617.38165,13
1618.059573,12
1618.737497,14
1619.415421,16
1620.093345,14
1620.771269,20
1621.449194,16
1622.127118,12
1622.805043,14
1623.482968,14
1624.160893,9
1624.838819,12
1625.516744,14
1626.19467,16
1626.872596,11
1627.550522,12
1628.228448,8
1628.906374,17
1629.5843,23
1630.262227,14
1630.940154,13
1631.618081,14
1632.296008,10
1632.973935,11
1633.651863,12
1634.32979,10
1635.007718,14
1635.685646,8
1636.363574,7
1637.041503,15
1637.719431,11
1638.39736,8
1639.075289,10
1639.753218,12
1640.431147,10
1641.109076,10
1641.787006,11
1642.464935,11
1643.142865,13
1643.820795,14
1644.498725,11
1645.176656,10
1645.854586,9
1646.532517,22
1647.210448,10
1647.888379,15
1648.56631,10
1649.244241,8
1649.922173,12
1650.600104,6
1651.278036,8
1651.955968,13
1652.6339,10
1653.311833,10
1653.989765,17
1654.667698,11
1655.345631,8
1656.023564,13
1656.701497,6
1657.37943,9
1658.057364,10
1658.735298,10
1659.413231,8
1660.091165,14
1660.7691,13
1661.447034,17
1662.124968,17
1662.802903,23
1663.480838,11
1664.158773,12
1664.836708,10
1665.514644,10
1666.192579,11
1666.870515,8
1667.548451,12
1668.226387,17
1668.904323,9
1669.582259,7
1670.260196,19
1670.938133,11
1671.616069,14
1672.294007,9
1672.971944,15
1673.649881,16
1674.327819,10
1675.005756,8
1675.683694,4
1676.361632,6
1677.039571,8
1677.717509,12
1678.395447,14
1679.073386,15
1679.751325,12
1680.429264,14
1681.107203,13
1681.785143,8
1682.463082,11
1683.141022,13
1683.818962,14
1684.496902,13
1685.174842,18
1685.852783,20
1686.530723,9
1687.208664,15
1687.886605,9
1688.564546,9
1689.242487,8
1689.920429,12
1690.59837,16
1691.276312,8
1691.954254,8
1692.632196,12
1693.310138,7
1693.98808,10
1694.666023,13
1695.343966,14
1696.021909,17
1696.699852,4
1697.377795,12
1698.055738,13
1698.733682,5
1699.411626,9
1700.08957,13
1700.767514,15
1701.445458,9
1702.123402,12
1702.801347,12
1703.479292,10
1704.157237,4
1704.835182,16
1705.513127,10
1706.191073,19
1706.869018,6
1707.546964,7
1708.22491,9
1708.902856,8
1709.580802,14
1710.258749,14
1710.936695,13
1711.614642,8
1712.292589,11
1712.970536,10
1713.648483,13
1714.326431,19
1715.004378,13
1715.682326,16
1716.360274,16
1717.038222,16
1717.716171,11
1718.394119,3
1719.072068,9
1719.750016,8
1720.427965,16
1721.105914,16
1721.783864,7
1722.461813,18
1723.139763,11
1723.817713,5
1724.495663,10
1725.173613,9
1725.851563,10
1726.529513,12
1727.207464,6
1727.885415,4
1728.563366,15
1729.241317,16
1729.919268,24
1730.59722,17
1731.275171,21
1731.953123,9
1732.631075,5
1733.309027,12
1733.98698,7
1734.664932,7
1735.342885,11
1736.020838,11
1736.698791,8
1737.376744,6
1738.054697,12
1738.73265,14
1739.410604,12
1740.088558,6
1740.766512,14
1741.444466,6
1742.12242,14
1742.800375,10
1743.47833,7
1744.156284,12
1744.834239,10
1745.512195,13
1746.19015,9
1746.868105,6
1747.546061,11
1748.224017,9
1748.901973,11
1749.579929,4
1750.257885,6
1750.935842,10
1751.613799,10
1752.291755,6
1752.969712,9
1753.64767,10
1754.325627,6
1755.003584,18
1755.681542,11
1756.3595,11
1757.037458,5
1757.715416,13
1758.393374,12
1759.071333,12
1759.749292,11
1760.427251,10
1761.10521,8
1761.783169,9
1762.461128,9
1763.139088,17
1763.817047,26
1764.495007,62
1765.172967,51
1765.850927,41
1766.528888,15
1767.206848,9
1767.884809,11
1768.56277,15
1769.240731,10
1769.918692,8
1770.596653,3
1771.274615,7
1771.952577,9
1772.630539,16
1773.308501,5
1773.986463,10
1774.664425,8
1775.342388,3
1776.02035,13
1776.698313,8
1777.376276,9
1778.05424,13
1778.732203,14
1779.410166,12
1780.08813,13
1780.766094,10
1781.444058,9
1782.122022,13
1782.799987,10
1783.477951,9
1784.155916,16
1784.833881,10
1785.511846,7
1786.189811,11
1786.867777,10
1787.545742,5
1788.223708,9
1788.901674,6
1789.57964,10
1790.257606,11
1790.935572,9
1791.613539,12
1792.291506,10
1792.969473,13
1793.64744,3
1794.325407,12
1795.003374,5
1795.681342,6
1796.35931,14
1797.037278,16
1797.715246,14
1798.393214,11
1799.071182,7
1799.749151,13
1800.42712,16
1801.105089,6
1801.783058,11
1802.461027,11
1803.138996,12
1803.816966,12
1804.494936,12
1805.172906,8
1805.850876,9
1806.528846,10
1807.206816,12
1807.884787,9
1808.562758,18
1809.240729,14
1809.9187,10
1810.596671,9
1811.274642,10
1811.952614,7
1812.630586,10
1813.308558,18
1813.98653,8
1814.664502,8
1815.342475,9
1816.020447,8
1816.69842,14
1817.376393,10
1818.054366,8
1818.732339,13
1819.410313,6
1820.088286,6
1820.76626,12
1821.444234,10
1822.122208,9
1822.800182,12
1823.478157,11
1824.156132,15
1824.834106,9
1825.512081,7
1826.190056,12
1826.868032,13
1827.546007,10
1828.223983,13
1828.901959,10
1829.579935,7
1830.257911,8
1830.935887,16
1831.613863,6
1832.29184,11
1832.969817,14
1833.647794,7
1834.325771,6
1835.003748,17
1835.681726,10
1836.359703,11
1837.037681,17
1837.715659,13
1838.393637,9
1839.071616,10
1839.749594,7
1840.427573,11
1841.105552,10
1841.783531,9
1842.46151,7
1843.139489,14
1843.817469,7
1844.495448,8
1845.173428,8
1845.851408,11
1846.529388,10
1847.207368,20
1847.885349,20
1848.56333,11
1849.24131,16
1849.919291,14
1850.597273,11
1851.275254,6
1851.953235,14
1852.631217,10
1853.309199,10
1853.987181,8
1854.665163,6
1855.343145,10
1856.021128,11
1856.699111,10
1857.377093,8
1858.055076,11
1858.73306,6
1859.411043,6
1860.089027,8
1860.76701,18
1861.444994,10
1862.122978,13
1862.800962,16
1863.478947,11
1864.156931,10
1864.834916,7
1865.512901,13
1866.190886,6
1866.868871,12
1867.546856,7
1868.224842,14
1868.902827,10
1869.580813,5
1870.258799,10
1870.936786,8
1871.614772,7
1872.292758,9
1872.970745,12
1873.648732,15
1874.326719,12
1875.004706,7
1875.682694,8
1876.360681,8
1877.038669,9
1877.716657,12
1878.394645,12
1879.072633,5
1879.750621,6
1880.42861,5
1881.106599,6
1881.784587,7
1882.462577,12
1883.140566,7
1883.818555,8
1884.496545,13
1885.174534,11
1885.852524,14
1886.530514,11
1887.208505,5
1887.886495,16
1888.564485,6
1889.242476,11
1889.920467,7
1890.598458,9
1891.276449,9
1891.954441,12
1892.632432,10
1893.310424,12
1893.988416,6
1894.666408,7
1895.3444,12
1896.022393,9
1896.700385,10
1897.378378,5
1898.056371,12
1898.734364,8
1899.412357,14
1900.090351,10
1900.768344,11
1901.446338,6
1902.124332,7
1902.802326,12
1903.48032,8
1904.158315,8
1904.836309,11
1905.514304,10
1906.192299,9
1906.870294,13
1907.548289,12
1908.226285,13
1908.90428,10
1909.582276,7
1910.260272,10
1910.938268,8
1911.616264,13
1912.294261,13
1912.972257,12
1913.650254,7
1914.328251,5
1915.006248,21
1915.684245,8
1916.362243,10
1917.04024,10
1917.718238,9
1918.396236,4
1919.074234,7
1919.752232,7
1920.430231,10
1921.10823,12
1921.786228,6
1922.464227,7
1923.142226,12
1923.820226,9
1924.498225,12
1925.176225,13
1925.854224,7
1926.532224,8
1927.210225,15
1927.888225,11
1928.566225,15
1929.244226,7
1929.922227,7
1930.600228,10
1931.278229,6
1931.95623,14
1932.634232,11
1933.312233,10
1933.990235,11
1934.668237,6
1935.346239,8
1936.024241,6
1936.702244,5
1937.380246,9
1938.058249,7
1938.736252,6
1939.414255,11
1940.092259,6
1940.770262,10
1941.448266,20
1942.12627,6
1942.804274,10
1943.482278,8
1944.160282,7
1944.838287,8
1945.516291,11
1946.194296,8
1946.872301,8
1947.550306,6
1948.228311,14
1948.906317,11
1949.584323,6
1950.262328,9
1950.940334,9
1951.618341,6
1952.296347,15
1952.974353,8
1953.65236,9
1954.330367,11
1955.008374,4
1955.686381,4
1956.364388,11
1957.042396,8
1957.720404,6
1958.398411,9
1959.076419,7
1959.754428,5
1960.432436,7
1961.110444,10
1961.788453,10
1962.466462,3
1963.144471,3
1963.82248,4
1964.500489,7
1965.178499,7
1965.856509,13
1966.534519,4
1967.212529,7
1967.890539,9
1968.568549,5
1969.24656,8
1969.92457,11
1970.602581,6
1971.280592,8
1971.958603,10
1972.636615,13
1973.314626,8
1973.992638,13
1974.67065,13
1975.348662,7
1976.026674,7
1976.704686,8
1977.382699,8
1978.060712,3
1978.738724,7
1979.416738,9
1980.094751,8
1980.772764,9
1981.450778,13
1982.128791,11
1982.806805,10
1983.484819,5
1984.162833,10
1984.840848,9
1985.518862,12
1986.196877,15
1986.874892,8
1987.552907,11
1988.230922,10
1988.908938,10
1989.586953,9
1990.264969,10
1990.942985,8
1991.621001,14
1992.299017,8
1992.977033,4
1993.65505,5
1994.333067,6
1995.011084,13
1995.689101,13
1996.367118,9
1997.045135,9
1997.723153,12
1998.401171,15
1999.079189,7
1999.757207,7
2000.435225,7
2001.113243,6
2001.791262,13
2002.469281,4
2003.1473,9
2003.825319,9
2004.503338,6
2005.181357,12
2005.859377,6
2006.537397,1
2007.215416,5
2007.893437,10
2008.571457,6
2009.249477,9
2009.927498,10
2010.605519,7
2011.283539,10
2011.961561,10
2012.639582,15
2013.317603,5
2013.995625,9
2014.673647,8
2015.351669,10
2016.029691,11
2016.707713,7
2017.385735,7
2018.063758,10
2018.741781,7
2019.419804,9
2020.097827,12
2020.77585,3
2021.453873,7
2022.131897,7
2022.809921,7
2023.487945,11
2024.165969,8
2024.843993,9
2025.522018,8
2026.200042,6
2026.878067,7
2027.556092,6
2028.234117,8
2028.912142,7
2029.590168,8
2030.268193,9
2030.946219,6
2031.624245,7
2032.302271,7
2032.980298,11
2033.658324,3
2034.336351,4
2035.014377,8
2035.692404,8
2036.370432,7
2037.048459,9
2037.726486,16
2038.404514,7
2039.082542,7
2039.76057,8
2040.438598,9
2041.116626,11
2041.794655,10
2042.472683,8
2043.150712,12
2043.828741,8
2044.50677,9
2045.184799,9
2045.862829,7
2046.540859,9
2047.218888,14
2047.896918,9
2048.574949,15
2049.252979,4
2049.931009,10
2050.60904,9
2051.287071,14
2051.965102,6
2052.643133,11
2053.321164,6
2053.999196,10
2054.677227,3
2055.355259,6
2056.033291,7
2056.711323,12
2057.389356,5
2058.067388,10
2058.745421,13
2059.423454,5
2060.101487,8
2060.77952,12
2061.457553,6
2062.135587,8
2062.81362,9
2063.491654,9
2064.169688,6
2064.847722,6
2065.525757,4
2066.203791,11
2066.881826,11
2067.559861,5
2068.237896,5
2068.915931,8
2069.593966,16
2070.272002,7
2070.950038,9
2071.628073,5
2072.306109,7
2072.984146,6
2073.662182,6
2074.340218,7
2075.018255,10
2075.696292,11
2076.374329,4
2077.052366,7
2077.730404,8
2078.408441,8
2079.086479,7
2079.764517,10
2080.442555,9
2081.120593,8
2081.798631,9
2082.47667,7
2083.154709,15
2083.832747,7
2084.510786,8
2085.188826,9
2085.866865,6
2086.544905,9
2087.222944,6
2087.900984,4
2088.579024,7
2089.257064,7
2089.935105,14
2090.613145,5
2091.291186,8
2091.969227,6
2092.647268,11
2093.325309,11
2094.003351,9
2094.681392,12
2095.359434,6
2096.037476,12
2096.715518,7
2097.39356,10
2098.071602,5
2098.749645,6
2099.427688,6
2100.105731,11
2100.783774,13
2101.461817,15
2102.13986,26
2102.817904,15
2103.495948,21
2104.173992,11
2104.852036,14
2105.53008,10
2106.208124,11
2106.886169,16
2107.564214,9
2108.242258,11
2108.920304,11
2109.598349,8
2110.276394,7
2110.95444,7
2111.632486,4
2112.310531,10
2112.988578,12
2113.666624,11
2114.34467,10
2115.022717,4
2115.700764,8
2116.378811,6
2117.056858,9
2117.734905,9
2118.412952,17
2119.091,14
2119.769048,12
2120.447096,6
2121.125144,6
2121.803192,10
2122.48124,7
2123.159289,8
2123.837338,13
2124.515387,7
2125.193436,10
2125.871485,8
2126.549535,4
2127.227584,8
2127.905634,9
2128.583684,5
2129.261734,7
2129.939784,7
2130.617835,10
2131.295885,14
2131.973936,11
2132.651987,9
2133.330038,5
2134.008089,6
2134.686141,10
2135.364192,11
2136.042244,6
2136.720296,6
2137.398348,9
2138.076401,6
2138.754453,5
2139.432506,8
2140.110559,8
2140.788611,9
2141.466665,4
2142.144718,8
2142.822771,4
2143.500825,8
2144.178879,8
2144.856933,10
2145.534987,10
2146.213041,3
2146.891096,9
2147.56915,8
2148.247205,9
2148.92526,7
2149.603315,8
2150.281371,7
2150.959426,6
2151.637482,4
2152.315538,5
2152.993594,7
2153.67165,12
2154.349706,10
2155.027762,7
2155.705819,4
2156.383876,6
2157.061933,7
2157.73999,11
2158.418047,4
2159.096105,4
2159.774163,6
2160.45222,9
2161.130278,5
2161.808337,9
2162.486395,7
2163.164453,6
2163.842512,6
2164.520571,12
2165.19863,8
2165.876689,4
2166.554748,5
2167.232808,8
2167.910868,4
2168.588927,6
2169.266987,4
2169.945048,5
2170.623108,8
2171.301168,3
2171.979229,9
2172.65729,11
2173.335351,8
2174.013412,12
2174.691474,9
2175.369535,9
2176.047597,6
2176.725659,11
2177.403721,8
2178.081783,9
2178.759845,7
2179.437908,2
2180.11597,9
2180.794033,12
2181.472096,7
2182.150159,5
2182.828223,5
2183.506286,10
2184.18435,7
2184.862414,11
2185.540478,7
2186.218542,8
2186.896607,9
2187.574671,11
2188.252736,13
2188.930801,6
2189.608866,11
2190.286931,6
2190.964996,7
2191.643062,5
2192.321128,7
2192.999193,8
2193.677259,12
2194.355326,16
2195.033392,4
2195.711459,6
2196.389525,4
2197.067592,6
2197.745659,11
2198.423727,6
2199.101794,8
2199.779861,8
2200.457929,6
2201.135997,3
2201.814065,8
2202.492133,9
2203.170202,9
2203.84827,25
2204.526339,19
2205.204408,12
2205.882477,11
2206.560546,5
2207.238616,6
2207.916685,4
2208.594755,6
2209.272825,4
2209.950895,9
2210.628965,6
2211.307036,9
2211.985106,6
2212.663177,3
2213.341248,3
2214.019319,8
2214.69739,8
2215.375462,2
2216.053533,10
2216.731605,6
2217.409677,9
2218.087749,6
2218.765821,8
2219.443894,6
2220.121966,8
2220.800039,8
2221.478112,9
2222.156185,5
2222.834258,10
2223.512332,11
2224.190405,9
2224.868479,11
2225.546553,9
2226.224627,2
2226.902701,6
2227.580776,6
2228.25885,7
2228.936925,6
2229.615,8
2230.293075,9
2230.97115,5
2231.649226,8
2232.327302,10
2233.005377,4
2233.683453,11
2234.361529,9
2235.039606,3
2235.717682,5
2236.395759,8
2237.073836,4
2237.751912,8
2238.42999,4
2239.108067,2
2239.786144,8
2240.464222,9
2241.1423,6
2241.820378,5
2242.498456,7
2243.176534,8
2243.854613,10
2244.532691,7
2245.21077,9
2245.888849,7
2246.566928,4
2247.245007,2
2247.923087,9
2248.601167,9
2249.279246,9
2249.957326,4
2250.635406,8
2251.313487,6
2251.991567,7
2252.669648,7
2253.347729,5
2254.02581,9
2254.703891,5
2255.381972,8
2256.060054,6
2256.738135,9
2257.416217,9
2258.094299,11
2258.772381,7
2259.450464,8
2260.128546,0
2260.806629,5
2261.484711,7
2262.162794,8
2262.840878,11
2263.518961,11
2264.197044,8
2264.875128,7
2265.553212,8
2266.231296,5
2266.90938,9
2267.587464,7
2268.265549,5
2268.943634,6
2269.621718,7
2270.299803,7
2270.977889,9
2271.655974,7
2272.334059,6
2273.012145,6
2273.690231,9
2274.368317,5
2275.046403,4
2275.72449,7
2276.402576,9
2277.080663,6
2277.75875,5
2278.436837,9
2279.114924,4
2279.793011,7
2280.471099,4
2281.149186,7
2281.827274,3
2282.505362,7
2283.18345,5
2283.861539,5
2284.539627,8
2285.217716,7
2285.895805,9
2286.573894,5
2287.251983,8
2287.930072,5
2288.608162,5
2289.286252,7
2289.964342,7
2290.642432,10
2291.320522,5
2291.998612,8
2292.676703,5
2293.354793,6
2294.032884,5
2294.710975,7
2295.389067,5
2296.067158,8
2296.74525,6
2297.423341,4
2298.101433,7
2298.779525,7
2299.457617,8
2300.13571,5
2300.813802,11
2301.491895,9
2302.169988,4
2302.848081,7
2303.526174,5
2304.204268,6
2304.882361,8
2305.560455,10
2306.238549,8
2306.916643,4
2307.594737,5
2308.272831,4
2308.950926,7
2309.629021,4
2310.307116,7
2310.985211,9
2311.663306,5
2312.341401,11
2313.019497,10
2313.697593,6
2314.375689,5
2315.053785,9
2315.731881,5
2316.409977,6
2317.088074,4
2317.766171,6
2318.444268,7
2319.122365,5
2319.800462,8
2320.478559,10
2321.156657,4
2321.834755,3
2322.512853,7
2323.190951,9
2323.869049,7
2324.547147,5
2325.225246,10
2325.903345,10
2326.581444,8
2327.259543,9
2327.937642,9
2328.615741,5
2329.293841,8
2329.971941,9
2330.650041,11
2331.328141,7
2332.006241,7
2332.684342,11
2333.362442,6
2334.040543,2
2334.718644,9
2335.396745,5
2336.074846,6
2336.752948,2
2337.431049,12
2338.109151,5
2338.787253,12
2339.465355,10
2340.143457,8
2340.82156,8
2341.499663,7
2342.177765,6
2342.855868,7
2343.533971,10
2344.212075,6
2344.890178,8
2345.568282,12
2346.246386,5
2346.92449,7
2347.602594,5
2348.280698,12
2348.958802,7
2349.636907,7
2350.315012,6
2350.993117,9
2351.671222,6
2352.349327,7
2353.027433,9
2353.705538,8
2354.383644,5
2355.06175,12
2355.739856,10
2356.417963,10
2357.096069,6
2357.774176,8
2358.452283,8
2359.13039,9
2359.808497,10
2360.486604,9
2361.164711,8
2361.842819,5
2362.520927,3
2363.199035,9
2363.877143,5
2364.555251,9
2365.23336,5
2365.911469,6
2366.589577,8
2367.267686,6
2367.945796,11
2368.623905,5
2369.302014,3
2369.980124,5
2370.658234,6
2371.336344,7
2372.014454,4
2372.692564,8
2373.370675,4
2374.048786,7
2374.726896,7
2375.405007,5
2376.083119,7
2376.76123,5
2377.439341,11
2378.117453,7
2378.795565,10
2379.473677,6
2380.151789,5
2380.829902,3
2381.508014,8
2382.186127,7
2382.86424,12
2383.542353,2
2384.220466,5
2384.898579,8
2385.576693,4
2386.254806,9
2386.93292,9
2387.611034,6
2388.289148,8
2388.967263,3
2389.645377,10
2390.323492,9
2391.001607,8
2391.679722,5
2392.357837,6
2393.035952,5
2393.714068,4
2394.392184,4
2395.0703,2
2395.748416,8
2396.426532,9
2397.104648,8
2397.782765,8
2398.460881,4
2399.138998,5
2399.817115,10
2400.495233,5
2401.17335,4
2401.851468,8
2402.529585,5
2403.207703,7
2403.885821,4
2404.563939,5
2405.242058,8
2405.920176,7
2406.598295,5
2407.276414,6
2407.954533,5
2408.632652,8
2409.310772,8
2409.988891,7
2410.667011,3
2411.345131,6
2412.023251,7
2412.701371,10
2413.379492,3
2414.057612,5
2414.735733,5
2415.413854,3
2416.091975,4
2416.770096,5
2417.448217,4
2418.126339,7
2418.804461,2
2419.482583,3
2420.160705,5
2420.838827,8
2421.516949,8
2422.195072,3
2422.873195,5
2423.551318,9
2424.229441,9
2424.907564,5
2425.585687,5
2426.263811,9
2426.941935,7
2427.620059,5
2428.298183,8
2428.976307,7
2429.654432,8
2430.332556,8
2431.010681,5
2431.688806,4
2432.366931,2
2433.045056,7
2433.723182,8
2434.401307,7
2435.079433,7
2435.757559,3
2436.435685,6
2437.113811,5
2437.791938,9
2438.470064,3
2439.148191,5
2439.826318,5
2440.504445,3
2441.182572,7
2441.8607,2
2442.538828,4
2443.216955,2
2443.895083,9
2444.573211,3
2445.25134,7
2445.929468,14
2446.607597,6
2447.285726,5
2447.963854,16
2448.641984,3
2449.320113,4
2449.998242,10
2450.676372,8
2451.354502,8
2452.032632,8
2452.710762,6
2453.388892,4
2454.067023,10
2454.745153,4
2455.423284,7
2456.101415,4
2456.779546,6
2457.457678,7
2458.135809,3
2458.813941,7
2459.492072,3
2460.170204,7
2460.848337,5
2461.526469,9
2462.204601,6
2462.882734,4
2463.560867,6
2464.239,1
2464.917133,8
2465.595266,5
2466.2734,8
2466.951533,6
2467.629667,9
2468.307801,4
2468.985935,3
2469.66407,5
2470.342204,5
2471.020339,4
2471.698474,6
2472.376609,4
2473.054744,4
2473.732879,5
2474.411015,8
2475.08915,7
2475.767286,6
2476.445422,4
2477.123558,8
2477.801695,2
2478.479831,3
2479.157968,8
2479.836105,7
2480.514242,5
2481.192379,6
2481.870516,7
2482.548654,3
2483.226791,7
2483.904929,2
2484.583067,6
2485.261206,6
2485.939344,3
2486.617482,4
2487.295621,1
2487.97376,4
2488.651899,5
2489.330038,3
2490.008177,4
2490.686317,7
2491.364457,5
2492.042597,3
2492.720737,10
2493.398877,2
2494.077017,4
2494.755158,4
2495.433298,7
2496.111439,3
2496.78958,1
2497.467722,11
2498.145863,2
2498.824004,5
2499.502146,4
2500.180288,4
2500.85843,6
2501.536572,7
2502.214715,5
2502.892857,4
2503.571,4
2504.249143,3
2504.927286,1
2505.605429,3
2506.283572,10
2506.961716,5
2507.63986,7
2508.318004,2
2508.996148,2
2509.674292,4
2510.352436,4
2511.030581,6
2511.708726,4
2512.38687,4
2513.065015,4
2513.743161,6
2514.421306,5
2515.099452,6
2515.777597,6
2516.455743,8
2517.133889,8
2517.812036,3
2518.490182,4
2519.168329,2
2519.846475,1
2520.524622,6
2521.202769,3
2521.880917,7
2522.559064,3
2523.237212,5
2523.915359,4
2524.593507,4
2525.271655,5
2525.949804,4
2526.627952,1
2527.306101,4
2527.984249,8
2528.662398,8
2529.340547,4
2530.018697,3
2530.696846,4
2531.374996,3
2532.053145,6
2532.731295,3
2533.409445,4
2534.087596,4
2534.765746,3
2535.443897,5
2536.122047,4
2536.800198,7
2537.478349,3
2538.156501,6
2538.834652,4
2539.512804,5
2540.190956,1
2540.869107,6
2541.54726,6
2542.225412,4
2542.903564,3
2543.581717,5
2544.25987,6
2544.938023,6
2545.616176,0
2546.294329,3
2546.972482,4
2547.650636,5
2548.32879,6
2549.006944,2
2549.685098,4
2550.363252,3
2551.041407,4
2551.719561,4
2552.397716,3
2553.075871,4
2553.754026,6
2554.432182,3
2555.110337,5
2555.788493,5
2556.466648,3
2557.144804,3
2557.82296,3
2558.501117,4
2559.179273,6
2559.85743,3
2560.535587,4
2561.213744,5
2561.891901,5
2562.570058,2
2563.248216,2
2563.926373,4
2564.604531,3
2565.282689,7
2565.960847,5
2566.639006,7
2567.317164,8
2567.995323,2
2568.673481,3
2569.35164,2
2570.0298,6
2570.707959,6
2571.386118,4
2572.064278,6
2572.742438,4
2573.420598,6
2574.098758,4
2574.776918,2
2575.455079,4
2576.13324,3
2576.8114,3
2577.489561,4
2578.167723,4
2578.845884,4
2579.524045,4
2580.202207,6
2580.880369,7
2581.558531,5
2582.236693,7
2582.914855,3
2583.593018,3
2584.271181,6
2584.949343,6
2585.627506,8
2586.30567,4
2586.983833,4
2587.661996,4
2588.34016,3
2589.018324,5
2589.696488,4
2590.374652,5
2591.052817,0
2591.730981,5
2592.409146,5
2593.087311,1
2593.765476,3
2594.443641,5
2595.121806,7
2595.799972,5
2596.478137,4
2597.156303,5
2597.834469,6
2598.512636,1
2599.190802,5
2599.868968,6
2600.547135,4
2601.225302,3
2601.903469,6
2602.581636,5
2603.259804,2
2603.937971,5
2604.616139,2
2605.294307,2
2605.972475,2
2606.650643,4
2607.328811,4
2608.00698,2
2608.685149,1
2609.363318,2
2610.041487,4
2610.719656,0
2611.397825,2
2612.075995,8
2612.754164,15
2613.432334,38
2614.110504,65
2614.788675,103
2615.466845,96
2616.145016,84
2616.823186,38
2617.501357,4
2618.179528,3
2618.8577,5
2619.535871,2
2620.214043,2
2620.892214,4
2621.570386,6
2622.248558,6
2622.92673,3
2623.604903,6
2624.283075,2
2624.961248,7
2625.639421,3
2626.317594,3
2626.995767,4
2627.673941,3
2628.352114,5
2629.030288,1
2629.708462,2
2630.386636,10
2631.06481,6
2631.742985,7
2632.421159,0
2633.099334,1
2633.777509,4
2634.455684,7
2635.133859,3
2635.812035,8
2636.49021,3
2637.168386,2
2637.846562,4
2638.524738,7
2639.202915,3
2639.881091,3
2640.559268,0
2641.237444,4
2641.915621,4
2642.593798,3
2643.271976,6
2643.950153,4
2644.628331,5
2645.306508,6
2645.984686,8
2646.662864,4
2647.341043,3
2648.019221,2
2648.6974,5
2649.375579,1
2650.053758,5
2650.731937,1
2651.410116,3
2652.088295,1
2652.766475,4
2653.444655,4
2654.122835,4
2654.801015,0
2655.479195,5
2656.157376,5
2656.835556,1
2657.513737,4
2658.191918,5
2658.870099,2
2659.54828,3
2660.226462,3
2660.904644,5
2661.582825,6
2662.261007,4
2662.939189,4
2663.617372,1
2664.295554,0
2664.973737,7
2665.65192,5
2666.330103,3
2667.008286,2
2667.686469,2
2668.364653,3
2669.042836,3
2669.72102,4
2670.399204,3
2671.077388,3
2671.755573,4
2672.433757,4
2673.111942,2
2673.790126,0
2674.468311,2
2675.146497,3
2675.824682,1
2676.502867,3
2677.181053,6
2677.859239,0
2678.537425,3
2679.215611,2
2679.893797,3
2680.571984,2
2681.250171,4
2681.928357,2
2682.606544,7
2683.284732,2
2683.962919,3
2684.641106,4
2685.319294,3
2685.997482,2
2686.67567,6
2687.353858,1
2688.032046,5
2688.710235,4
2689.388424,1
2690.066612,3
2690.744802,6
2691.422991,5
2692.10118,2
2692.77937,0
2693.457559,3
2694.135749,7
2694.813939,2
2695.492129,3
2696.17032,2
2696.84851,6
2697.526701,3
2698.204892,4
2698.883083,3
2699.561274,2
2700.239465,1
2700.917657,3
2701.595849,4
2702.27404,3
2702.952232,2
2703.630425,3
2704.308617,2
2704.98681,4
2705.665002,2
2706.343195,5
2707.021388,4
2707.699581,4
2708.377775,6
2709.055968,1
2709.734162,6
2710.412356,4
2711.09055,1
2711.768744,3
2712.446939,0
2713.125133,5
2713.803328,7
2714.481523,2
2715.159718,4
2715.837913,2
2716.516108,6
2717.194304,1
2717.8725,2
2718.550696,2
2719.228892,1
2719.907088,3
2720.585284,4
2721.263481,3
2721.941678,5
2722.619874,5
2723.298071,4
2723.976269,2
2724.654466,1
2725.332664,4
2726.010861,1
2726.689059,4
2727.367257,7
2728.045456,3
2728.723654,1
2729.401853,3
2730.080051,3
2730.75825,6
2731.436449,5
2732.114649,2
2732.792848,3
2733.471048,1
2734.149247,1
2734.827447,3
2735.505647,4
2736.183848,4
2736.862048,3
2737.540249,4
2738.218449,3
2738.89665,5
2739.574851,3
2740.253053,4
2740.931254,3
2741.609456,3
2742.287657,2
2742.965859,3
2743.644062,5
2744.322264,2
2745.000466,3
2745.678669,5
2746.356872,7
2747.035075,1
2747.713278,3
2748.391481,3
2749.069684,2
2749.747888,1
2750.426092,4
2751.104296,2
2751.7825,4
2752.460704,3
2753.138909,3
2753.817113,5
2754.495318,1
2755.173523,2
2755.851728,4
2756.529933,0
2757.208139,3
2757.886344,2
2758.56455,1
2759.242756,3
2759.920962,4
2760.599169,3
2761.277375,4
2761.955582,4
2762.633788,2
2763.311995,1
2763.990203,2
2764.66841,4
2765.346617,4
2766.024825,4
2766.703033,6
2767.381241,4
2768.059449,3
2768.737657,2
2769.415866,4
2770.094074,2
2770.772283,6
2771.450492,2
2772.128701,9
2772.80691,0
2773.48512,1
2774.16333,3
2774.841539,6
2775.519749,5
2776.19796,2