 0.3336091824576052,53
 1.0111325348728155,49203
 1.688656055045631,49081
 2.3661797429760516,3973
 3.0437035986640772,2512
 3.7212276221097085,7233
 4.398751813312944,8221
 5.0762761722737855,9860
 5.753800698992232,10383
 6.431325393468283,10101
7.108850256,9878
 7.786375285693202,9765
8.463900483,11804
9.141425849,38387
 9.818951382212617,25372
10.49647708,11893
 11.174002952013588,6069
 11.85152898855048,4257
 12.529055192844977,2889
 13.20658156489708,2596
 13.884108104706788,2389
 14.561634812274102,2159
 15.23916168759902,2164
 15.916688730681544,2064
 16.594215941521675,2099
 17.271743320119405,1939
 17.94927086647474,1873
 18.62679858058769,1812
 19.304326462458235,1819
 19.981854512086393,1767
 20.65938272947215,1722
 21.336911114615518,1681
 22.014439667516484,1622
 22.691968388175063,1602
 23.36949727659124,1645
 24.04702633276503,1630
 24.724555556696416,1608
 25.402084948385408,1527
 26.079614507832012,1509
 26.757144235036215,1562
 27.43467412999803,1466
 28.112204192717442,1506
 28.789734423194467,1410
 29.46726482142909,1449
 30.144795387421325,1479
 30.82232612117116,1358
 31.499857022678604,1327
 32.17738809194365,1388
32.85491933,1378
 33.53245073374656,1348
 34.20998230628442,1358
 34.88751404657989,1369
 35.56504595463296,1318
 36.24257803044363,1341
 36.92011027401192,1309
37.59764269,1317
38.27517526,1288
 38.952708011262395,1270
39.63024093,1268
 40.30777400821741,1271
 40.985307258331325,1235
 41.66284067620284,1211
 42.34037426183197,1253
 43.017908015218694,1261
 43.695441936363025,1236
 44.37297602526497,1196
 45.05051028192451,1182
 45.72804470634166,1220
 46.405579298516415,1223
 47.08311405844878,1178
 47.76064898613874,1245
 48.438184081586314,1203
 49.115719344791486,1191
 49.79325477575427,1185
 50.47079037447465,1236
 51.14832614095264,1238
 51.82586207518824,1206
 52.50339817718144,1279
 53.18093444693225,1313
 53.858470884440656,1186
 54.53600748970668,1213
 55.213544262730295,1222
 55.891081203511526,1251
 56.568618312050354,1181
 57.246155588346795,1230
 57.923693032400834,1224
 58.60123064421248,1254
 59.278768423781734,1609
 59.95630637110859,1483
 60.633844486193055,1285
 61.31138276903512,1263
61.98892122,1298
 62.66645983799207,1304
 63.34399862410696,1509
 64.02153757797946,1345
 64.69907669960955,1309
 65.37661598899724,1296
 66.05415544614254,1307
 66.73169507104545,1407
 67.40923486370598,1344
 68.08677482412409,1357
 68.76431495229981,1355
 69.44185524823314,1454
 70.11939571192408,1477
 70.79693634337262,1377
 71.47447714257876,1471
 72.15201810954251,1570
 72.82955924426386,1883
 73.50710054674283,1637
74.18464202,2080
 74.86218365497356,3236
 75.53972546072534,1881
 76.21726743423473,1842
 76.89480957550171,3507
77.57235188,2512
 78.24989436130849,1377
78.92743701,1438
 79.60497981814571,1460
 80.28252279820072,1484
 80.96006594601333,1445
 81.63760926158355,1515
 82.31515274491139,1391
 82.99269639599682,1501
 83.67024021483985,1700
 84.34778420144049,1973
 85.02532835579875,1910
85.70287268,1565
 86.38041716778805,1745
 87.05796182541911,2372
 87.73550665080778,2062
 88.41305164395406,1527
 89.09059680485794,1621
 89.76814213351942,2021
90.44568763,1705
 91.12323329411521,1473
91.80077913,1563
92.47832513,2103
 93.15587129319091,2211
 93.83341762839802,1770
 94.51096413136275,1498
 95.18851080208508,1443
95.86605764,1440
 96.54360464680254,1442
 97.22115182079769,1450
 97.89869916255043,1547
 98.57624667206078,1502
 99.25379434932873,1571
99.93134219,1548
 100.60889020713746,1524
 101.28643838767823,1497
 101.9639867359766,1526
 102.64153525203258,1486
 103.31908393584618,1455
 103.99663278741737,1422
 104.67418180674616,1632
 105.35173099383256,1767
 106.02928034867658,1582
 106.70682987127819,1544
 107.3843795616374,1553
 108.06192941975422,1621
 108.73947944562865,1567
 109.41702963926069,1573
 110.09458000065032,1586
 110.77213052979756,1580
 111.44968122670241,1598
 112.12723209136487,1624
 112.80478312378493,1596
 113.48233432396259,1571
 114.15988569189786,1569
 114.83743722759074,1731
 115.51498893104119,1618
 116.19254080224928,1599
 116.87009284121497,1582
 117.54764504793826,1566
 118.22519742241916,1600
 118.90274996465766,1578
 119.58030267465378,1592
 120.25785555240749,1628
 120.93540859791881,1672
 121.61296181118773,1587
 122.29051519221427,1637
 122.9680687409984,1634
 123.64562245754014,1665
 124.32317634183948,1723
 125.00073039389643,1722
125.6782846,1704
 126.35583900128316,1721
 127.03339355661292,1698
 127.71094827970029,1633
 128.38850317054528,1808
 129.06605822914784,2079
 129.74361345550804,1734
 130.42116884962584,1683
 131.09872441150122,1702
 131.77628014113424,1774
 132.45383603852483,1635
 133.13139210367305,1700
 133.80894833657888,1764
 134.48650473724229,1682
 135.16406130566332,1600
 135.84161804184194,1660
 136.5191749457782,1694
 137.19673201747204,1672
 137.87428925692348,1695
 138.55184666413254,1688
 139.2294042390992,1676
 139.90696198182346,1658
 140.58451989230534,1709
 141.2620779705448,1760
 141.93963621654189,1700
 142.61719463029658,1736
 143.29475321180885,1797
 143.97231196107876,1856
 144.64987087810624,1765
 145.32742996289136,1778
 146.00498921543408,1709
 146.68254863573438,1625
 147.3601082237923,1697
 148.03766797960782,1674
 148.71522790318096,1724
 149.3927879945117,1675
 150.07034825360003,1662
150.7479087,1686
 151.42546927504952,1617
 152.1030300374107,1689
 152.78059096752946,1646
 153.4581520654058,1696
 154.1357133310398,1863
 154.81327476443138,1731
 155.49083636558055,1614
 156.16839813448735,1622
 156.84596007115172,1609
 157.52352217557373,1601
 158.20108444775335,1653
 158.87864688769054,1729
 159.55620949538536,1594
 160.23377227083776,1655
 160.9113352140478,1692
 161.58889832501544,1622
 162.26646160374065,1609
 162.9440250502235,1647
 163.62158866446393,1654
164.2991524,1549
 164.97671639621765,1561
 165.6542805137309,1712
 166.33184479900177,1586
 167.00940925203025,1625
 167.6869738728163,1625
168.3645387,1574
 169.04210361766127,1631
 169.71966874172017,1583
 170.39723403353668,1633
 171.07479949311076,1616
 171.75236512044248,1591
 172.42993091553177,1613
 173.1074968783787,1619
 173.78506300898323,1623
 174.46262930734534,1542
 175.14019577346508,1608
 175.8177624073424,1577
 176.49532920897735,1566
 177.1728961783699,1532
 177.85046331552005,1547
 178.5280306204278,1573
 179.20559809309316,1484
 179.88316573351614,1551
 180.56073354169672,1558
 181.23830151763488,1506
 181.91586966133067,1523
 182.59343797278407,1528
 183.27100645199505,1516
 183.94857509896366,1507
 184.62614391368984,1604
 185.30371289617366,1922
 185.9812820464151,2576
 186.6588513644141,2065
 187.33642085017073,1592
 188.01399050368494,1603
 188.69156032495678,1466
 189.36913031398623,1510
 190.04670047077326,1501
 190.72427079531792,1482
 191.40184128762016,1491
 192.07941194768003,1454
 192.7569827754975,1449
 193.43455377107256,1403
 194.11212493440524,1579
 194.78969626549554,1510
 195.4672677643434,1423
 196.1448394309489,1460
 196.82241126531198,1470
 197.4999832674327,1455
198.1775554,1527
 198.8551277749469,1483
 199.53270028034044,1473
 200.21027295349154,1480
 200.88784579440028,1431
 201.56541880306662,1445
 202.24299197949054,1487
 202.9205653236721,1384
 203.59813883561122,1418
204.2757125,1420
 204.95328636276236,1439
 205.6308603779743,1420
 206.30843456094388,1367
 206.98600891167104,1402
 207.66358343015582,1411
 208.34115811639822,1484
 209.0187329703982,1912
 209.6963079921558,1835
210.3738832,1376
 211.0514585389438,1360
 211.7290340639742,1376
 212.4066097567622,1389
 213.08418561730784,1369
 213.76176164561107,1358
 214.4393378416719,1338
 215.11691420549033,1323
 215.79449073706635,1403
216.4720674,1415
 217.14964430349127,1437
 217.8272213383401,1380
 218.50479854094658,1349
 219.18237591131063,1312
 219.8599534494323,1429
 220.5375311553116,1351
 221.21510902894846,1308
 221.89268707034296,1329
 222.57026527949503,1349
 223.24784365640474,1313
 223.92542220107205,1262
 224.60300091349694,1364
 225.28057979367946,1256
 225.9581588416196,1291
 226.6357380573173,1268
 227.31331744077264,1281
 227.99089699198555,1275
 228.6684767109561,1285
 229.34605659768425,1302
 230.02363665216998,1269
 230.70121687441335,1236
 231.3787972644143,1232
 232.05637782217286,1250
 232.73395854768904,1276
 233.4115394409628,1334
 234.0891205019942,1283
 234.76670173078315,1210
 235.44428312732975,1305
 236.12186469163396,1375
 236.79944642369574,1252
 237.47702832351516,1490
 238.15461039109215,4992
 238.83219262642677,8325
239.509775,2916
 240.1873576003688,1299
 240.86494033897625,1853
 241.5425232453413,2217
 242.22010631946392,2229
 242.89768956134418,1384
243.575273,1131
 244.25285654837748,1107
 244.93044029353055,1134
 245.6080242064412,1154
 246.28560828710948,1115
 246.96319253553534,1173
 247.64077695171883,1151
 248.31836153565993,1139
 248.9959462873586,1112
 249.6735312068149,1018
 250.3511162940288,1120
 251.02870154900032,1074
 251.70628697172944,1076
 252.38387256221614,1126
 253.06145832046047,1121
 253.7390442464624,1080
 254.41663034022193,1101
 255.09421660173908,1069
 255.7718030310138,1087
 256.4493896280461,1110
 257.1269763928361,1036
 257.80456332538364,1024
 258.4821504256888,1078
 259.1597376937516,1105
259.8373251,1053
 260.5149127331499,1022
 261.19250050448557,1049
 261.8700884435787,973
 262.5476765504295,1036
 263.2252648250379,1014
 263.90285326740394,1030
 264.5804418775275,1009
 265.25803065540873,980
 265.93561960104756,1020
266.6132087,1049
267.290798,1021
 267.9683874445097,973
 268.6459770611789,963
 269.32356684560574,1139
 270.0011567977902,1495
 270.67874691773227,1396
 271.3563372054319,1085
 272.03392766088916,981
 272.71151828410405,1020
 273.38910907507653,936
 274.06670003380657,947
 274.7442911602943,941
 275.42188245453957,931
 276.0994739165425,906
276.7770655,1085
 277.4546573438211,1241
 278.1322493090968,1048
 278.80984144213016,989
 279.48743374292104,969
 280.1650262114696,984
 280.84261884777567,876
 281.5202116518395,983
 282.1978046236608,904
 282.87539776323973,904
 283.5529910705763,952
 284.23058454567047,939
 284.9081781885222,823
 285.5857719991316,927
 286.26336597749855,944
 286.94096012362314,899
 287.6185544375053,906
 288.29614891914514,937
 288.9737435685425,872
 289.6513383856975,908
 290.3289333706101,892
 291.00652852328034,916
 291.6841238437081,878
 292.3617193318936,893
 293.0393149878366,838
 293.7169108115372,868
 294.39450680299547,1289
 295.0721029622113,3018
 295.7496992891847,2546
 296.4272957839158,1043
 297.10489244640445,852
 297.7824892766507,834
 298.46008627465454,892
 299.1376834404161,907
 299.8152807739351,1207
 300.4928782752118,1243
 301.1704759442461,906
301.8480738,853
 302.52567178558746,849
 303.2032699578946,839
 303.8808682979593,812
 304.5584668057816,900
 305.2360654813615,782
 305.9136643246991,749
 306.59126333579417,843
 307.2688625146469,819
 307.94646186125726,797
 308.6240613756252,804
 309.3016610577507,794
 309.97926090763394,796
 310.65686092527466,785
 311.33446111067303,795
 312.01206146382896,833
 312.6896619847426,829
 313.36726267341373,782
 314.04486352984253,793
 314.72246455402893,843
 315.40006574597294,779
 316.0776671056745,756
 316.75526863313377,804
 317.43287032835053,767
 318.11047219132496,763
318.7880742,684
 319.46567642054663,790
 320.1432787867938,795
 320.82088132079866,775
 321.4984840225611,758
 322.1760868920812,801
 322.8536899293588,748
 323.5312931343941,765
 324.2088965071869,774
 324.8865000477374,742
 325.5641037560455,726
 326.2417076321112,712
 326.9193116759344,755
 327.5969158875153,930
 328.2745202668538,1089
 328.9521248139499,849
 329.6297295288036,770
 330.30733441141496,806
 330.9849394617838,710
 331.66254467991035,763
 332.3401500657945,797
 333.01775561943623,863
 333.6953613408355,1374
 334.3729672299925,2377
335.0505733,807
 335.7281795115792,701
 336.4057859040089,661
 337.0833924641963,756
 337.76099919214124,1154
 338.4386060878438,2120
339.1162132,1428
 339.7938203825218,697
 340.47142778149714,676
 341.1490353482302,732
 341.82664308272075,763
 342.50425098496896,657
 343.1818590549747,674
 343.8594672927382,712
 344.5370756982592,716
 345.2146842715378,648
 345.89229301257404,640
 346.5699019213679,663
 347.2475109979192,658
 347.92512024222833,670
 348.60272965429493,675
 349.2803392341192,637
 349.95794898170107,719
 350.63555889704054,747
 351.31316898013756,1760
 351.99077923099225,4526
 352.66838964960453,3074
 353.34600023597443,891
 354.0236109901019,613
 354.70122191198703,631
 355.3788330016297,621
356.0564443,634
 356.7340556841879,667
 357.41166727710345,610
 358.0892790377765,623
 358.76689096620726,669
 359.4445030623956,614
 360.12211532634154,633
 360.79972775804504,603
 361.47734035750625,602
 362.15495312472495,588
 362.8325660597013,636
 363.5101791624353,584
 364.18779243292687,592
364.8654059,653
 365.5430194771828,639
 366.2206332509472,620
 366.89824719246917,605
 367.5758613017487,582
368.2534756,621
 368.93109002358074,607
 369.60870463613315,608
 370.2863194164432,573
 370.9639343645108,597
371.6415495,604
 372.3191647639189,570
 372.99678021525926,578
 373.6743958343573,565
 374.3520116212129,602
 375.0296275758262,580
 375.70724369819703,552
 376.3848599883255,617
 377.0624764462116,566
 377.74009307185526,582
 378.4177098652565,588
 379.09532682641543,565
 379.77294395533187,557
 380.45056125200597,606
 381.1281787164376,582
381.8057963,582
 382.48341414857384,548
 383.16103211627836,565
 383.8386502517405,610
 384.5162685549602,612
 385.1938870259375,583
 385.8715056646725,562
386.5491245,603
 387.22674344541514,592
 387.90436258742284,572
 388.58198189718826,572
 389.25960137471117,620
 389.93722101999174,585
 390.6148408330299,552
 391.2924608138257,565
 391.97008096237903,566
 392.6477012786901,533
 393.3253217627586,529
 394.0029424145848,605
 394.6805632341686,565
 395.35818422151004,569
396.0358054,550
 396.71342669946563,546
 397.39104819007986,557
 398.0686698484517,529
 398.7462916745811,580
 399.4239136684682,550
 400.10153583011277,565
400.7791582,532
 401.4567806566749,555
 402.13440332159234,501
 402.81202615426736,534
 403.48964915470003,573
 404.1672723228903,555
 404.8448956588382,563
 405.52251916254363,541
 406.2001428340068,534
 406.8777666732274,561
 407.55539068020573,526
 408.23301485494164,496
 408.91063919743516,587
 409.5882637076862,699
 410.26588838569495,655
 410.9435132314613,552
 411.6211382449852,545
 412.2987634262667,533
 412.9763887753059,529
 413.6540142921026,481
 414.33163997665696,513
 415.0092658289689,509
 415.6868918490385,565
 416.3645180368656,533
 417.0421443924504,515
 417.71977091579276,519
 418.39739760689275,502
 419.0750244657503,510
 419.75265149236554,517
 420.4302786867383,471
 421.1079060488687,533
 421.7855335787567,534
 422.46316127640233,513
 423.1407891418055,537
 423.8184171749664,495
 424.49604537588476,460
 425.1736737445608,479
 425.8513022809944,484
 426.5289309851857,491
 427.2065598571345,483
 427.88418889684095,494
428.5618181,492
 429.2394474795267,492
 429.9170770225059,492
 430.59470673324284,499
 431.2723366117373,497
 431.94996665798936,497
432.6275969,458
 433.30522725376636,494
 433.9828578032912,481
 434.6604885205737,439
 435.33811940561384,474
 436.01575045841156,468
 436.69338167896683,458
 437.3710130672798,457
 438.0486446233503,496
 438.72627634717844,562
 439.40390823876413,558
 440.08154029810754,516
 440.75917252520844,477
441.4368049,483
 442.1144374826832,456
 442.79207021305695,473
 443.46970311118827,454
 444.1473361770773,473
 444.82496941072384,474
 445.50260281212803,455
 446.18023638128983,474
 446.85787011820923,441
 447.5355040228862,490
 448.2131380953208,428
448.8907723,443
 449.56840674346284,483
 450.2460413191702,430
 450.9236760626353,435
 451.6013109738579,487
 452.27894605283814,467
452.9565813,475
 453.63421671407144,463
 454.31185229632445,471
 454.9894880463351,442
 455.6671239641034,485
 456.34476004962926,468
 457.0223963029127,427
 457.7000327239538,430
 458.37766931275246,430
 459.05530606930876,440
 459.73294299362266,422
 460.41058008569416,432
 461.0882173455232,452
 461.76585477310994,454
 462.44349236845426,567
 463.1211301315562,837
 463.79876806241566,688
 464.47640616103286,469
 465.15404442740754,452
 465.8316828615399,423
 466.50932146342984,409
 467.1869602330774,416
 467.8645991704825,438
 468.5422382756453,407
 469.21987754856565,424
 469.8975169892436,467
 470.57515659767915,414
 471.2527963738724,432
 471.93043631782314,444
 472.60807642953154,500
 473.28571670899754,411
 473.96335715622115,425
 474.6409977712023,415
 475.3186385539412,409
 475.99627950443755,418
 476.6739206226916,431
 477.35156190870316,423
 478.02920336247246,413
 478.70684498399925,422
 479.3844867732837,386
 480.06212873032575,415
 480.7397708551254,397
 481.4174131476826,426
 482.09505560799755,396
 482.77269823606997,362
 483.45034103190005,354
 484.1279839954877,379
 484.80562712683303,381
 485.48327042593587,379
 486.1609138927964,387
 486.8385575274145,375
 487.5162013297902,388
 488.19384529992345,396
 488.87148943781443,396
 489.5491337434629,377
 490.22677821686904,395
 490.9044228580327,364
 491.5820676669541,379
492.2597126,357
 492.93735778806956,394
 493.6150031002637,354
 494.2926485802155,372
 494.9702942279248,404
 495.6479400433918,395
 496.32558602661635,375
 497.00323217759853,363
 497.6808784963383,359
 498.3585249828357,387
 499.03617163709066,363
 499.71381845910327,384
 500.3914654488735,361
 501.0691126064013,380
 501.74675993168665,373
 502.42440742472974,370
 503.1020550855303,357
 503.77970291408855,363
 504.4573509104044,407
 505.13499907447783,375
 505.8126474063088,361
 506.4902959058975,355
 507.16794457324374,375
 507.8455934083476,444
508.5232424,506
 509.20089158182816,596
 509.8785409202048,953
 510.55619042633907,1674
 511.23384010023096,1924
 511.9114899418804,1426
 512.5891399512876,897
 513.2667901284522,603
 513.9444404733745,404
 514.6220909860544,375
515.2997417,366
515.9773925,350
 516.6550435306398,350
 517.3326947143502,362
 518.0103460658181,332
 518.6879975850435,339
 519.3656492720268,329
 520.0433011267675,335
 520.7209531492658,355
 521.3986053395217,332
 522.0762576975353,341
 522.7539102233065,320
 523.4315629168353,333
 524.1092157781217,328
 524.7868688071657,315
 525.4645220039672,297
 526.1421753685265,306
 526.8198289008432,327
 527.4974826009176,297
 528.1751364687497,307
 528.8527905043393,304
 529.5304447076865,327
 530.2080990787913,335
 530.8857536176538,317
 531.5634083242738,305
 532.2410631986513,317
 532.9187182407867,315
 533.5963734506795,315
534.2740288,352
534.9516844,347
 535.6293400869037,320
536.306996,333
 536.9846520165079,312
 537.6623082329463,314
 538.3399646171424,311
 539.0176211690961,321
 539.6952778888075,321
 540.3729347762762,297
 541.0505918315027,301
 541.7282490544869,296
 542.4059064452287,293
 543.0835640037279,298
 543.7612217299849,298
 544.4388796239995,289
 545.1165376857716,305
 545.7941959153013,332
 546.4718543125887,300
 547.1495128776336,323
 547.8271716104362,322
 548.5048305109963,300
549.1824896,320
 549.8601488153895,336
 550.5378082192225,312
551.2154678,300
 551.8931275301612,293
 552.5707874372671,296
 553.2484475121305,292
 553.9261077547513,335
554.6037682,312
 555.2814287432662,292
 555.9590894891601,301
 556.6367504028115,301
 557.3144114842205,284
 557.9920727333872,291
 558.6697341503115,307
 559.3473957349933,268
 560.0250574874327,310
 560.7027194076297,305
 561.3803814955844,305
 562.0580437512966,360
 562.7357061747665,357
563.4133688,299
 564.0910315249791,293
 564.7686944517218,293
 565.4463575462221,283
566.1240208,294
 566.8016842384956,311
 567.4793478362685,297
 568.1570116017992,290
 568.8346755350876,285
 569.5123396361336,289
570.1900039,335
 570.8676683414982,309
571.5453329,308
 572.2229977178933,316
 572.9006626577273,278
 573.5783277653188,313
 574.2559930406679,321
 574.9336584837748,288
575.6113241,285
576.2889899,284
 576.9666558196407,301
 577.6443219337779,278
 578.3219882156725,310
 578.9996546653249,298
579.6773213,302
 580.3549880679026,338
 581.0326550208277,267
 581.7103221415106,319
582.3879894,668
583.0656569,2033
 583.7433245101046,2113
 584.4209923018178,696
 585.0986602612887,306
 585.7763283885172,271
 586.4539966835032,282
 587.1316651462469,280
 587.8093337767482,259
 588.4870025750071,311
 589.1646715410234,284
 589.8423406747975,259
 590.5200099763292,257
 591.1976794456185,305
 591.8753490826654,284
 592.5530188874699,270
593.2306889,264
 593.9083590003518,257
594.5860293,252
595.2636998,253
 595.9413704278564,248
 596.6190412392066,297
 597.2967122183143,293
 597.9743833651796,262
 598.6520546798026,289
 599.3297261621832,255
 600.0073978123213,293
 600.6850696302171,294
 601.3627416158705,278
 602.0404137692815,266
 602.7180860904499,268
 603.3957585793761,318
604.0734312,305
 604.7511040605013,274
 605.4287770527003,267
 606.1064502126569,272
 606.7841235403712,261
607.461797,267
 608.1394706990724,420
 608.8171445300594,1387
609.4948185,2811
 610.1724926953063,1926
610.850167,550
 611.5278415315835,309
 612.2055162013586,262
 612.8831910388913,275
 613.5608660441815,258
 614.2385412172293,240
 614.9162165580349,300
615.5938921,269
 616.2715677429185,238
 616.9492435869969,282
 617.6269195988327,248
 618.3045957784262,260
 618.9822721257773,247
619.6599486,257
 620.3376253237524,263
 621.0153021743763,236
 621.6929791927578,242
 622.3706563788969,254
 623.0483337327936,266
623.7260113,264
 624.4036889438598,256
 625.0813668010294,278
 625.7590448259566,235
 626.4367230186414,250
 627.1144013790837,244
 627.7920799072837,254
 628.4697586032413,264
 629.1474374669565,249
 629.8251164984291,259
 630.5027956976596,256
 631.1804750646476,264
 631.8581545993932,259
 632.5358343018963,244
 633.2135141721571,210
 633.8911942101756,247
 634.5688744159517,246
 635.2465547894852,219
 635.9242353307765,253
 636.6019160398253,235
 637.2795969166318,245
 637.9572779611957,259
 638.6349591735174,224
 639.3126405535967,236
 639.9903221014335,259
640.6680038,226
641.3456857,244
 642.0233677514898,235
 642.7010499703571,210
 643.3787323569818,268
 644.0564149113644,243
 644.7340976335045,263
 645.4117805234022,225
 646.0894635810574,250
 646.7671468064704,238
 647.4448301996409,231
 648.1225137605691,238
 648.8001974892547,226
 649.4778813856981,237
650.1555654,241
 650.8332496818576,244
 651.5109340815736,248
 652.1886186490474,246
 652.8663033842788,260
 653.5439882872678,240
 654.2216733580143,259
 654.8993585965185,276
 655.5770440027803,244
 656.2547295767997,220
 656.9324153185765,240
 657.6101012281113,208
 658.2877873054034,247
 658.9654735504532,258
 659.6431599632606,260
 660.3208465438256,330
 660.9985332921483,1322
 661.6762202082285,4237
 662.3539072920663,4360
 663.0315945436618,1451
 663.7092819630147,312
 664.3869695501255,257
 665.0646573049936,226
 665.7423452276195,302
666.4200333,288
 667.0977215761441,232
 667.7754100020427,208
668.4530986,231
 669.1307873571129,223
 669.8084762862844,261
 670.4861653832133,248
 671.1638546479002,232
 671.8415440803444,254
 672.5192336805463,247
 673.1969234485058,270
 673.8746133842229,231
 674.5523034876977,213
675.2299938,234
 675.9076841979199,204
 676.5853748046675,224
 677.2630655791726,246
 677.9407565214354,219
 678.6184476314556,240
 679.2961389092336,233
 679.9738303547692,215
 680.6515219680624,262
 681.3292137491131,223
 682.0069056979215,254
 682.6845978144876,229
 683.3622900988112,214
 684.0399825508922,235
 684.7176751707311,195
 685.3953679583275,232
 686.0730609136815,230
 686.7507540367931,229
 687.4284473276623,225
 688.1061407862892,229
 688.7838344126736,218
 689.4615282068156,234
 690.1392221687153,205
 690.8169162983725,249
 691.4946105957874,252
 692.1723050609597,223
 692.8499996938898,236
 693.5276944945775,232
 694.2053894630228,232
 694.8830845992256,254
 695.5607799031861,202
 696.2384753749043,224
696.916171,223
 697.5938668216131,269
 698.2715627966041,263
 698.9492589393526,243
 699.6269552498587,233
 700.3046517281224,235
 700.9823483741437,224
 701.6600451879227,226
 702.3377421694593,237
 703.0154393187534,229
 703.6931366358051,258
 704.3708341206144,268
 705.0485317731815,213
 705.7262295935059,240
706.4039276,233
 707.0816257374279,222
 707.7593240610253,223
 708.4370225523802,222
 709.1147212114928,231
709.79242,223
 710.4701190329909,239
 711.1478181953761,218
 711.8255175255192,203
 712.5032170234198,191
713.1809167,206
 713.8586165224938,230
 714.5363165236672,245
 715.2140166925983,187
715.891717,232
 716.5694175337331,214
717.2471182,219
 717.9248190458984,229
 718.6025200536176,227
 719.2802212290941,217
 719.9579225723284,214
 720.6356240833203,221
 721.3133257620698,220
 721.9910276085768,229
 722.6687296228415,213
 723.3464318048639,213
 724.0241341546438,217
 724.7018366721811,221
 725.3795393574763,198
726.0572422,218
 726.7349452313393,310
 727.4126484199072,592
 728.0903517762328,556
728.7680553,326
 729.4457589921567,240
730.1234629,217
730.8011669,197
 731.4788710742245,222
 732.1565754370957,204
 732.8342799677243,221
 733.5119846661107,198
 734.1896895322548,187
 734.8673945661563,193
 735.5450997678155,189
 736.2228051372323,204
 736.9005106744067,190
 737.5782163793388,198
 738.2559222520282,206
 738.9336282924755,244
 739.6113345006803,214
 740.2890408766427,217
 740.9667474203627,208
 741.6444541318403,205
 742.3221610110757,206
 742.9998680580685,203
 743.6775752728189,221
744.3552827,211
 745.0329902055926,199
745.7106979,196
 746.3884058093967,236
 747.0661138629351,195
 747.7438220842313,195
748.4215305,202
 749.0992390300962,211
 749.7769477546651,220
 750.4546566469917,202
 751.1323657070758,205
 751.8100749349173,193
 752.4877843305168,203
 753.1654938938736,205
 753.8432036249882,171
 754.5209135238603,236
755.1986236,232
 755.8763338248774,228
 756.5540442270224,216
 757.2317547969249,202
757.9094655,206
 758.5871764400027,205
 759.2648875131782,206
759.9425988,213
 760.6203101628016,206
 761.2980217392499,191
 761.9757334834557,185
762.6534454,189
763.3311575,239
 764.0088697226187,200
 764.6865821378549,221
 765.3642947208485,222
 766.0420074716001,215
766.7197204,245
 767.3974334763757,222
 768.0751467303999,313
 768.7528601521817,430
 769.4305737417212,355
 770.1082874990183,212
 770.7860014240729,214
 771.4637155168851,208
772.1414298,237
 772.8191442057825,267
 773.4968588018675,207
 774.1745735657101,199
 774.8522884973105,168
 775.5300035966684,187
 776.2077188637838,183
776.8854343,189
 777.5631499012877,189
778.2408657,197
 778.9185816098218,181
 779.5962977157254,177
 780.2740139893865,181
 780.9517304308052,193
 781.6294470399815,197
 782.3071638169155,214
 782.9848807616071,225
 783.6625978740562,209
784.3403152,193
 785.0180326022273,202
 785.6957502179492,260
 786.3734680014289,301
787.051186,229
 787.7289040716607,172
 788.4066223584132,190
 789.0843408129232,198
 789.7620594351907,176
790.4397782,207
 791.1174971829988,192
 791.7952163085392,180
 792.4729356018371,186
 793.1506550628928,194
793.8283747,190
 794.5060944882769,284
 795.1838144526052,400
 795.8615345846913,311
796.5392549,221
 797.2169753521363,192
 797.8946959874951,174
 798.5724167906116,188
 799.2501377614856,198
 799.9278589001174,178
 800.6055802065065,197
 801.2833016806534,189
 801.9610233225579,187
802.6387451,224
 803.3164671096397,227
803.9941893,247
804.6719116,187
 805.3496340484445,193
 806.0273566968945,188
 806.7050795131023,223
 807.3828024970676,237
 808.0605256487905,207
808.738249,191
 809.4159724555091,168
 810.0936961105049,182
 810.7714199332582,172
811.4491439,168
 812.1268680820377,191
 812.8045924080639,183
 813.4823169018476,197
814.1600416,192
814.8377664,218
 815.5154913897446,171
 816.1932165545588,192
 816.8709418871306,167
817.5486674,195
818.2263931,191
 818.9041188913917,164
 819.5818448949938,178
 820.2595710663536,204
 820.9372974054711,184
 821.6150239123461,191
 822.2927505869787,184
822.9704774,180
 823.6482044395169,166
 824.3259316174224,185
 825.0036589630853,177
 825.6813864765061,165
 826.3591141576843,190
 827.0368420066202,191
 827.7145700233136,178
 828.3922982077647,167
 829.0700265599735,183
 829.7477550799398,207
 830.4254837676636,213
 831.1032126231452,195
 831.7809416463842,206
 832.4586708373811,190
 833.1364001961352,183
 833.8141297226472,189
 834.4918594169168,189
 835.1695892789439,226
 835.8473193087286,253
836.5250495,250
837.2027799,192
 837.8805104046286,167
 838.5582411054436,184
 839.2359719740165,201
 839.9137030103468,210
 840.5914342144348,217
 841.2691655862803,203
 841.9468971258835,187
 842.6246288332444,193
 843.3023607083628,184
 843.9800927512388,194
 844.6578249618724,191
 845.3355573402636,165
 846.0132898864125,179
 846.6910226003188,168
 847.3687554819828,185
 848.0464885314045,161
 848.7242217485838,165
 849.4019551335206,170
850.0796887,171
 850.7574224066672,174
 851.4351562948768,180
 852.1128903508439,194
 852.7906245745689,169
 853.4683589660514,199
 854.1460935252915,156
 854.8238282522891,166
 855.5015631470444,166
 856.1792982095574,142
 856.8570334398279,182
857.5347688,173
 858.2125044036417,173
858.8902401,154
859.567976,189
 860.2457121075444,306
 860.9234483443605,387
 861.6011847489343,315
 862.2789213212657,198
 862.9566580613546,169
 863.6343949692011,148
 864.3121320448054,185
 864.9898692881671,156
 865.6676066992864,155
 866.3453442781635,164
867.023082,195
 867.7008199391902,166
 868.3785580213399,184
 869.0562962712473,177
 869.7340346889124,171
870.4117733,193
 871.0895120275152,171
871.7672509,200
 872.4449900371484,182
 873.1227292936015,185
873.8004687,183
 874.4782083097803,159
 875.1559480695062,174
 875.8336879969896,190
 876.5114280922306,179
 877.1891683552293,195
 877.8669087859856,159
 878.5446493844995,195
 879.2223901507708,176
879.9001311,164
 880.5778721865867,188
881.2556135,164
 881.9333548934328,174
 882.6110964984923,199
 883.2888382713095,171
 883.9665802118842,161
 884.6443223202165,173
 885.3220645963064,205
 885.9998070401539,151
 886.6775496517591,180
 887.3552924311217,169
 888.0330353782421,202
 888.7107784931201,179
 889.3885217757556,169
 890.0662652261487,172
 890.7440088442995,171
891.4217526,174
 892.0994965838739,179
 892.7772407052973,205
 893.4549849944787,182
 894.1327294514174,192
 894.8104740761138,166
 895.4882188685677,154
 896.1659638287794,166
 896.8437089567486,165
 897.5214542524755,185
 898.1991997159598,153
 898.8769453472019,181
 899.5546911462014,190
 900.2324371129588,168
 900.9101832474735,189
 901.5879295497459,184
902.265676,170
 902.9434226575637,185
 903.6211694631089,180
 904.2989164364118,194
 904.9766635774723,208
 905.6544108862904,177
 906.3321583628659,171
 907.0099060071993,179
 907.6876538192902,178
 908.3654017991387,168
 909.0431499467447,171
 909.7208982621084,237
 910.3986467452298,440
 911.0763953961088,1109
 911.7541442147452,1407
 912.4318932011394,763
913.1096424,244
 913.7873916772005,148
 914.4651411668673,163
 915.1428908242918,164
 915.8206406494741,174
 916.4983906424138,166
 917.1761408031111,177
 917.8538911315661,173
 918.5316416277788,165
 919.2093922917489,185
 919.8871431234766,178
 920.5648941229621,168
921.2426453,157
 921.9203966252056,166
 922.5981481279638,165
 923.2758997984796,161
 923.9536516367531,174
 924.6314036427841,185
 925.3091558165727,154
 925.9869081581189,174
 926.6646606674227,151
 927.3424133444843,180
 928.0201661893032,174
 928.6979192018798,174
 929.3756723822141,187
930.0534257,163
 930.7311792461554,150
 931.4089329297625,152
 932.0866867811272,165
 932.7644408002495,180
 933.4421949871293,210
 934.1199493417669,266
 934.7977038641619,265
 935.4754585543146,211
 936.1532134122249,157
 936.8309684378928,157
 937.5087236313184,187
 938.1864789925015,158
 938.8642345214422,154
 939.5419902181405,183
 940.2197460825964,187
 940.8975021148101,157
 941.5752583147811,162
 942.2530146825098,179
 942.9307712179963,165
 943.6085279212402,170
 944.2862847922418,170
 944.9640418310009,182
 945.6417990375178,162
 946.3195564117922,161
946.997314,160
 947.6750716636137,163
 948.3528295411609,214
 949.0305875864657,232
949.7083458,226
 950.3861041803481,222
 951.0638627289258,233
951.7416214,188
 952.4193803293538,188
 953.0971393812042,170
 953.7748986008122,178
954.452658,189
 955.1304175433011,170
 955.8081772661819,183
 956.4859371568205,162
 957.1636972152165,182
 957.8414574413702,169
 958.5192178352814,179
 959.1969783969504,183
 959.8747391263769,183
 960.5525000235608,161
 961.2302610885026,168
 961.9080223212019,179
 962.5857837216588,182
 963.2635452898733,180
 963.9413070258454,246
 964.6190689295752,363
 965.2968310010625,408
 965.9745932403074,257
966.6523556,199
967.3301182,197
 968.0078809645879,300
 968.6856438748631,658
 969.3634069528961,869
 970.0411701986867,546
 970.7189336122349,261
 971.3966971935406,178
972.0744609,167
972.7522249,182
 973.4299889440036,164
 974.1077531963397,150
 974.7855176164336,146
975.4632822,182
976.141047,165
 976.8188118832605,179
 977.4965769743848,169
 978.1743422332667,166
 978.8521076599061,160
 979.5298732543031,163
 980.2076390164577,191
 980.8854049463699,154
 981.5631710440399,160
 982.2409373094672,176
 982.9187037426523,180
983.5964703,164
 984.2742371122953,167
 984.9520040487531,151
 985.6297711529686,178
 986.3075384249418,156
 986.9853058646725,166
 987.6630734721606,181
 988.3408412474065,157
 989.0186091904101,169
 989.6963773011712,196
 990.3741455796899,149
 991.0519140259662,156
 991.7296826400002,180
 992.4074514217917,155
 993.0852203713408,142
 993.7629894886476,139
 994.4407587737119,172
 995.1185282265338,168
 995.7962978471134,180
 996.4740676354505,164
 997.1518375915454,175
 997.8296077153977,134
 998.5073780070077,151
 999.1851484663753,139
 999.8629190935005,154
 1000.5406898883833,192
 1001.2184608510236,204
 1001.8962319814216,170
 1002.5740032795773,189
 1003.2517747454905,153
 1003.9295463791613,161
 1004.6073181805897,167
 1005.2850901497758,178
 1005.9628622867194,176
 1006.6406345914206,164
 1007.3184070638795,170
 1007.9961797040959,178
1008.673953,172
 1009.3517254878016,149
 1010.0294986312908,152
 1010.7072719425378,177
 1011.3850454215423,165
 1012.0628190683043,142
 1012.740592882824,165
 1013.4183668651013,168
 1014.0961410151363,163
 1014.7739153329286,165
 1015.4516898184787,176
 1016.1294644717865,162
 1016.8072392928518,180
 1017.4850142816747,156
 1018.1627894382552,164
 1018.8405647625934,168
 1019.5183402546892,178
 1020.1961159145425,161
 1020.8738917421534,171
 1021.5516677375219,191
 1022.2294439006481,170
 1022.9072202315318,171
 1023.5849967301732,174
 1024.2627733965721,184
 1024.9405502307288,181
 1025.618327232643,159
 1026.2961044023148,164
 1026.973881739744,185
 1027.651659244931,145
 1028.3294369178757,155
 1029.007214758578,158
 1029.6849927670378,163
 1030.362770943255,181
1031.040549,170
 1031.718327798963,176
 1032.3961064784528,170
 1033.0738853257008,173
 1033.7516643407062,165
 1034.4294435234692,161
1035.107223,166
 1035.7850023922683,193
 1036.4627820783041,163
 1037.1405619320976,159
 1037.8183419536485,167
 1038.4961221429573,187
 1039.1739025000236,178
 1039.8516830248475,168
 1040.529463717429,168
 1041.207244577768,192
 1041.8850256058647,191
 1042.562806801719,158
 1043.2405881653308,180
 1043.9183696967002,181
 1044.5961513958275,175
 1045.2739332627123,158
 1045.9517152973547,175
 1046.6294974997545,172
 1047.307279869912,178
 1047.9850624078274,175
 1048.6628451134998,155
 1049.3406279869303,186
 1050.0184110281182,159
 1050.6961942370638,167
 1051.373977613767,178
 1052.051761158228,169
 1052.7295448704463,199
 1053.4073287504223,176
 1054.0851127981557,161
 1054.762897013647,178
 1055.4406813968958,172
 1056.1184659479022,183
 1056.7962506666663,165
 1057.4740355531878,185
 1058.1518206074672,187
 1058.829605829504,177
 1059.5073912192984,195
 1060.1851767768503,184
1060.862963,172
 1061.5407483952274,161
 1062.218534456052,143
 1062.8963206846347,180
 1063.5741070809747,187
 1064.2518936450724,208
 1064.9296803769275,187
 1065.6074672765405,174
 1066.285254343911,197
 1066.963041579039,194
 1067.6408289819249,160
 1068.3186165525683,175
 1068.9964042909692,160
 1069.6741921971277,198
 1070.3519802710437,164
 1071.0297685127173,190
 1071.7075569221488,178
 1072.3853454993377,164
 1073.0631342442844,167
 1073.7409231569884,163
1074.418712,170
 1075.0965014856697,199
 1075.7742909016463,160
 1076.452080485381,165
 1077.129870236873,177
 1077.807660156123,184
 1078.4854502431303,173
 1079.1632404978955,213
 1079.841030920418,201
 1080.5188215106982,181
 1081.1966122687359,146
 1081.8744031945314,173
 1082.5521942880844,191
 1083.229985549395,167
 1083.9077769784633,186
 1084.585568575289,181
 1085.2633603398726,188
 1085.9411522722137,166
 1086.6189443723122,165
 1087.2967366401683,170
 1087.9745290757821,166
 1088.6523216791538,183
 1089.3301144502827,194
 1090.0079073891695,178
 1090.6857004958138,182
 1091.3634937702157,164
 1092.041287212375,162
 1092.7190808222922,195
 1093.3968745999668,190
 1094.0746685453992,201
 1094.7524626585891,189
 1095.4302569395368,218
 1096.1080513882418,204
 1096.7858460047046,198
 1097.4636407889247,181
 1098.1414357409026,174
 1098.8192308606383,198
 1099.4970261481315,176
 1100.1748216033823,180
 1100.8526172263905,196
 1101.5304130171564,196
 1102.2082089756802,192
 1102.886005101961,163
1103.563801,191
 1104.2415978577963,188
 1104.9193944873502,168
 1105.597191284662,161
 1106.2749882497312,203
 1106.952785382558,191
 1107.6305826831424,177
 1108.3083801514842,186
 1108.9861777875838,193
 1109.6639755914412,194
 1110.341773563056,211
 1111.0195717024285,202
 1111.6973700095584,218
 1112.3751684844462,183
 1113.0529671270915,176
 1113.7307659374942,181
 1114.4085649156546,163
 1115.0863640615726,199
 1115.7641633752482,210
 1116.4419628566816,171
 1117.1197625058726,189
 1117.797562322821,180
 1118.4753623075271,206
 1119.1531624599907,263
 1119.830962780212,410
 1120.508763268191,617
 1121.1865639239275,505
 1121.8643647474216,290
 1122.5421657386732,215
 1123.2199668976828,184
 1123.8977682244497,192
 1124.575569718974,183
 1125.253371381256,178
 1125.931173211296,193
 1126.6089752090934,186
 1127.2867773746484,209
 1127.9645797079609,202
 1128.642382209031,189
 1129.3201848778588,186
 1129.997987714444,171
 1130.675790718787,208
 1131.3535938908876,200
 1132.0313972307458,177
 1132.7092007383617,198
 1133.3870044137352,173
 1134.0648082568662,189
 1134.7426122677548,184
 1135.4204164464008,175
 1136.0982207928046,164
 1136.7760253069662,211
 1137.4538299888852,193
 1138.131634838562,202
 1138.809439855996,174
 1139.487245041188,193
 1140.1650503941376,200
 1140.8428559148442,228
 1141.520661603309,194
 1142.1984674595312,170
 1142.876273483511,193
 1143.5540796752487,178
 1144.2318860347439,207
 1144.9096925619965,196
 1145.5874992570068,197
 1146.2653061197746,207
 1146.9431131503002,206
 1147.6209203485832,203
 1148.298727714624,169
 1148.9765352484224,169
 1149.6543429499782,200
 1150.3321508192919,173
 1151.009958856363,181
 1151.6877670611916,190
 1152.3655754337778,212
 1153.043383974122,175
 1153.7211926822235,191
 1154.3990015580825,225
 1155.0768106016994,273
 1155.7546198130738,236
 1156.4324291922057,230
 1157.1102387390952,179
 1157.7880484537425,198
 1158.4658583361472,191
 1159.1436683863096,187
 1159.8214786042297,174
 1160.4992889899074,207
 1161.1770995433426,196
 1161.8549102645354,190
 1162.5327211534857,193
 1163.2105322101936,173
 1163.8883434346594,197
 1164.5661548268827,191
 1165.2439663868636,204
 1165.921778114602,230
 1166.5995900100982,173
 1167.2774020733518,199
 1167.9552143043627,230
 1168.6330267031317,193
 1169.3108392696581,206
 1169.9886520039422,211
 1170.666464905984,204
 1171.3442779757834,229
 1172.0220912133402,212
 1172.6999046186547,206
 1173.3777181917267,217
 1174.0555319325565,238
 1174.7333458411438,217
 1175.4111599174887,201
 1176.0889741615913,218
 1176.7667885734513,185
 1177.4446031530692,195
 1178.1224179004446,189
 1178.8002328155774,204
 1179.4780478984678,213
 1180.1558631491162,208
 1180.833678567522,212
 1181.5114941536851,222
 1182.1893099076062,215
 1182.8671258292848,204
 1183.544941918721,225
 1184.2227581759146,225
 1184.900574600866,171
 1185.578391193575,220
 1186.2562079540417,199
 1186.934024882266,197
 1187.6118419782479,218
 1188.2896592419872,209
 1188.9674766734843,223
 1189.6452942727387,218
 1190.3231120397509,227
 1191.000929974521,220
 1191.6787480770483,218
 1192.3565663473335,180
 1193.034384785376,231
 1193.7122033911764,224
 1194.3900221647343,218
 1195.0678411060494,208
 1195.7456602151226,219
 1196.4234794919532,233
 1197.1012989365415,226
 1197.7791185488875,223
 1198.456938328991,209
 1199.1347582768522,237
 1199.8125783924709,236
 1200.490398675847,222
 1201.168219126981,229
 1201.8460397458725,216
 1202.5238605325217,224
 1203.2016814869285,234
 1203.8795026090927,228
 1204.5573238990148,234
 1205.2351453566944,191
 1205.9129669821314,218
 1206.590788775326,231
 1207.2686107362786,214
 1207.9464328649885,250
 1208.624255161456,247
 1209.3020776256812,224
 1209.979900257664,248
 1210.6577230574044,239
 1211.3355460249022,232
 1212.013369160158,236
 1212.691192463171,244
 1213.369015933942,209
 1214.0468395724704,232
 1214.7246633787565,213
1215.402487,225
 1216.0803114946013,216
1216.758136,227
 1217.4359602814764,237
 1218.1137849265506,230
 1218.7916097393822,227
 1219.4694347199716,246
 1220.1472598683183,240
 1220.8250851844227,242
 1221.502910668285,215
 1222.1807363199043,208
 1222.8585621392817,231
 1223.5363881264166,215
 1224.214214281309,204
 1224.8920406039592,208
 1225.569867094367,231
 1226.2476937525323,247
 1226.9255205784552,217
 1227.6033475721356,253
 1228.2811747335738,247
 1228.9590020627695,248
 1229.6368295597229,246
 1230.3146572244339,246
 1230.9924850569023,247
 1231.6703130571286,252
 1232.3481412251124,222
 1233.0259695608536,227
 1233.7037980643524,277
 1234.381626735609,237
 1235.0594555746234,251
 1235.737284581395,261
 1236.4151137559245,208
 1237.0929430982114,261
 1237.770772608256,350
 1238.448602286058,415
 1239.126432131618,353
 1239.8042621449354,302
 1240.4820923260104,232
 1241.159922674843,227
 1241.8377531914334,214
 1242.5155838757812,203
 1243.1934147278866,210
 1243.8712457477495,200
1244.549077,202
 1245.2269082907485,224
 1245.9047398138844,197
 1246.582571504778,237
 1247.2604033634288,179
 1247.9382353898375,181
 1248.616067584004,163
 1249.2938999459275,206
 1249.971732475609,179
 1250.6495651730481,174
 1251.3273980382448,177
 1252.0052310711992,162
 1252.6830642719112,157
 1253.3608976403807,178
 1254.0387311766078,157
 1254.7165648805924,166
 1255.3943987523348,182
 1256.0722327918347,193
 1256.7500669990923,183
 1257.4279013741075,157
 1258.1057359168801,141
 1258.7835706274107,170
 1259.4614055056986,180
 1260.139240551744,150
 1260.817075765547,153
 1261.4949111471078,174
 1262.1727466964264,167
 1262.8505824135023,154
 1263.528418298336,150
 1264.206254350927,159
 1264.884090571276,146
 1265.5619269593822,160
 1266.2397635152463,150
 1266.9176002388679,165
 1267.595437130247,134
 1268.273274189384,157
 1268.9511114162785,144
 1269.6289488109305,158
 1270.3067863733402,138
 1270.9846241035073,144
 1271.662462001432,138
 1272.3403000671144,138
 1273.0181383005545,147
 1273.6959767017522,172
 1274.3738152707074,138
 1275.0516540074204,177
 1275.729492911891,152
 1276.4073319841186,151
 1277.0851712241044,137
 1277.7630106318477,154
 1278.4408502073486,145
 1279.1186899506072,151
 1279.7965298616234,132
 1280.474369940397,171
 1281.1522101869284,180
 1281.8300506012172,184
 1282.5078911832638,157
 1283.185731933068,145
 1283.8635728506297,159
 1284.541413935949,145
 1285.219255189026,164
 1285.8970966098607,146
 1286.5749381984529,137
 1287.2527799548025,136
 1287.9306218789097,140
 1288.6084639707747,137
 1289.2863062303975,139
 1289.9641486577775,131
 1290.6419912529154,128
 1291.3198340158108,130
 1291.9976769464638,137
 1292.6755200448742,108
 1293.3533633110426,146
 1294.0312067449684,137
 1294.7090503466518,161
 1295.386894116093,138
 1296.0647380532916,126
 1296.7425821582478,128
 1297.4204264309617,132
 1298.098270871433,134
 1298.776115479662,145
 1299.4539602556488,116
 1300.131805199393,114
 1300.809650310895,117
 1301.4874955901544,141
 1302.1653410371714,104
 1302.8431866519463,116
 1303.5210324344782,125
 1304.1988783847682,132
 1304.8767245028157,148
 1305.5545707886208,109
 1306.2324172421836,123
 1306.910263863504,119
 1307.588110652582,123
 1308.2659576094175,116
 1308.9438047340104,111
 1309.6216520263613,134
 1310.2994994864696,124
 1310.9773471143355,110
 1311.6551949099592,111
 1312.3330428733402,102
 1313.0108910044792,114
 1313.6887393033755,124
 1314.3665877700294,119
 1315.0444364044408,121
1315.722285,133
 1316.400134176537,114
 1317.0779833142212,107
 1317.7558326196634,119
 1318.433682092863,100
 1319.1115317338201,113
 1319.7893815425348,110
 1320.4672315190073,122
 1321.1450816632373,105
 1321.822931975225,99
 1322.5007824549702,109
 1323.178633102473,106
 1323.8564839177336,117
 1324.5343349007517,99
 1325.2121860515272,80
 1325.8900373700603,114
 1326.5678888563514,101
 1327.2457405103999,111
 1327.923592332206,116
 1328.6014443217696,105
 1329.2792964790908,109
 1329.9571488041697,102
 1330.635001297006,78
 1331.3128539576003,96
 1331.990706785952,94
 1332.6685597820613,97
 1333.3464129459283,112
 1334.024266277553,116
 1334.702119776935,93
 1335.3799734440747,109
 1336.057827278972,93
 1336.7356812816267,100
 1337.4135354520395,99
 1338.0913897902096,87
 1338.7692442961375,95
 1339.4470989698227,101
 1340.1249538112659,84
 1340.8028088204665,92
 1341.4806639974242,95
 1342.1585193421402,104
 1342.8363748546135,82
 1343.5142305348445,104
 1344.1920863828332,86
 1344.8699423985795,94
 1345.5477985820833,80
 1346.2256549333447,107
 1346.9035114523635,98
 1347.5813681391403,94
 1348.2592249936745,91
 1348.9370820159663,80
 1349.6149392060158,83
 1350.2927965638228,81
 1350.9706540893876,73
 1351.6485117827099,79
 1352.3263696437896,77
 1353.004227672627,68
 1353.6820858692222,97
 1354.3599442335749,66
 1355.037802765685,88
 1355.715661465553,78
 1356.3935203331785,82
 1357.0713793685616,83
 1357.749238571702,84
 1358.4270979426005,69
 1359.1049574812564,68
1359.782817,87
 1360.4606770618411,85
1361.138537,93
 1361.8163973134563,77
 1362.4942576909002,74
 1363.1721182361016,65
 1363.8499789490606,64
 1364.5278398297776,71
 1365.205700878252,85
 1365.883562094484,77
 1366.5614234784734,66
 1367.2392850302208,72
 1367.9171467497256,80
 1368.5950086369876,58
 1369.2728706920077,61
 1369.9507329147852,75
 1370.6285953053205,66
 1371.3064578636133,80
 1371.9843205896639,82
 1372.6621834834718,64
 1373.3400465450375,63
 1374.0179097743605,68
 1374.6957731714415,78
 1375.3736367362799,63
 1376.051500468876,70
 1376.7293643692296,66
 1377.4072284373408,131
 1378.0850926732098,164
 1378.7629570768363,152
 1379.4408216482202,119
 1380.1186863873618,57
 1380.7965512942612,58
 1381.4744163689181,60
 1382.1522816113325,65
 1382.8301470215047,80
 1383.5080125994343,60
 1384.1858783451216,64
 1384.8637442585664,59
 1385.541610339769,95
 1386.219476588729,84
 1386.8973430054468,79
 1387.5752095899222,59
 1388.2530763421553,53
 1388.9309432621458,65
 1389.608810349894,59
 1390.2866776053995,64
 1390.9645450286628,60
 1391.642412619684,78
 1392.3202803784625,66
 1392.9981483049987,86
 1393.6760163992924,67
 1394.3538846613437,64
 1395.031753091153,59
 1395.7096216887192,61
 1396.3874904540435,68
 1397.0653593871252,64
 1397.7432284879646,62
 1398.4210977565617,61
 1399.0989671929165,68
 1399.7768367970286,60
 1400.4547065688985,74
 1401.1325765085257,73
 1401.810446615911,105
 1402.4883168910535,87
 1403.1661873339538,67
 1403.8440579446117,72
 1404.521928723027,68
 1405.1997996692003,81
 1405.877670783131,68
 1406.555542064819,66
 1407.2334135142648,90
 1407.9112851314683,92
 1408.5891569164296,115
 1409.2670288691481,116
 1409.9449009896246,80
 1410.6227732778584,75
1411.300646,54
 1411.978518357599,49
 1412.6563911491057,66
1413.334264,64
 1414.012137235392,64
 1414.6900105301715,67
 1415.3678839927088,80
 1416.0457576230035,56
 1416.7236314210559,74
 1417.4015053868657,66
 1418.0793795204331,54
 1418.7572538217585,68
 1419.4351282908412,63
 1420.1130029276817,60
 1420.7908777322796,56
 1421.468752704635,73
 1422.1466278447485,52
 1422.824503152619,53
 1423.5023786282475,67
 1424.1802542716334,76
 1424.858130082777,72
 1425.5360060616783,56
 1426.2138822083373,55
 1426.8917585227537,62
 1427.5696350049277,53
 1428.2475116548592,51
 1428.9253884725483,50
 1429.6032654579953,50
 1430.2811426111998,63
 1430.959019932162,79
 1431.6368974208815,60
 1432.314775077359,56
 1432.9926529015938,44
 1433.6705308935861,57
 1434.3484090533361,74
 1435.0262873808438,61
 1435.704165876109,50
 1436.382044539132,51
 1437.0599233699127,52
 1437.7378023684507,53
 1438.4156815347465,63
 1439.0935608687996,50
 1439.7714403706107,53
 1440.4493200401791,50
 1441.1271998775053,68
 1441.805079882589,56
 1442.4829600554303,59
 1443.1608403960295,50
 1443.838720904386,59
1444.516602,47
 1445.1944824243717,50
 1445.8723634360013,58
 1446.5502446153882,66
 1447.2281259625327,60
 1447.906007477435,56
 1448.5838891600947,66
 1449.2617710105121,63
 1449.939653028687,63
 1450.6175352146197,59
 1451.2954175683099,62
 1451.9733000897577,59
 1452.6511827789632,68
 1453.3290656359263,55
 1454.006948660647,68
 1454.6848318531252,62
 1455.3627152133608,59
 1456.0405987413542,69
 1456.7184824371054,67
 1457.396366300614,53
 1458.0742503318804,72
 1458.7521345309042,147
 1459.4300188976858,661
 1460.107903432225,2933
 1460.7857881345212,8019
 1461.4636730045756,11676
 1462.1415580423875,9095
 1462.819443247957,3794
 1463.4973286212842,812
 1464.175214162369,109
 1464.8530998712113,41
 1465.5309857478112,48
 1466.2088717921686,56
 1466.8867580042838,48
 1467.5646443841565,48
 1468.2425309317869,52
 1468.9204176471749,65
 1469.5983045303203,75
 1470.2761915812237,54
 1470.9540787998844,53
 1471.6319661863026,47
 1472.3098537404785,46
 1472.9877414624123,42
 1473.6656293521035,41
 1474.343517409552,36
 1475.0214056347586,38
 1475.6992940277225,41
 1476.3771825884442,42
 1477.0550713169232,41
 1477.7329602131601,31
 1478.4108492771545,43
 1479.0887385089065,40
 1479.7666279084162,38
 1480.4445174756836,39
 1481.1224072107084,43
 1481.8002971134908,49
 1482.4781871840307,43
 1483.1560774223283,38
 1483.8339678283837,40
 1484.5118584021966,37
 1485.1897491437671,39
 1485.867640053095,34
 1486.545531130181,35
 1487.2234223750243,45
 1487.9013137876248,42
 1488.5792053679834,28
 1489.2570971160994,35
 1489.9349890319731,35
 1490.6128811156045,42
 1491.2907733669936,39
1491.968666,40
 1492.6465583730442,42
 1493.3244511277057,39
 1494.0023440501252,37
 1494.680237140302,44
 1495.3581303982367,65
 1496.0360238239289,54
 1496.7139174173785,48
 1497.391811178586,47
 1498.069705107551,55
 1498.7475992042735,44
 1499.4254934687535,34
 1500.1033879009913,34
 1500.781282500987,49
 1501.4591772687397,43
 1502.1370722042504,46
 1502.8149673075186,47
 1503.4928625785442,37
 1504.1707580173274,33
 1504.8486536238686,38
 1505.5265493981672,45
 1506.2044453402234,36
 1506.8823414500373,42
 1507.5602377276086,46
 1508.2381341729379,43
 1508.9160307860245,76
 1509.5939275668686,85
 1510.2718245154704,90
1510.949722,69
 1511.627618915947,42
 1512.3055163678216,51
 1512.983413987454,54
 1513.6613117748439,53
 1514.3392097299914,39
 1515.0171078528963,44
 1515.695006143559,44
 1516.3729046019794,49
 1517.0508032281573,28
 1517.7287020220929,51
 1518.4066009837861,31
 1519.0845001132368,37
 1519.7623994104451,48
 1520.440298875411,25
 1521.1181985081344,40
 1521.7960983086157,34
 1522.4739982768544,38
 1523.1518984128509,35
 1523.8297987166047,42
 1524.5076991881165,33
 1525.1855998273857,47
 1525.863500634412,47
 1526.5414016091966,44
 1527.2193027517385,33
 1527.897204062038,37
 1528.5751055400954,40
 1529.2530071859103,43
 1529.9309089994827,34
 1530.6088109808127,35
 1531.2867131299001,35
 1531.9646154467455,32
 1532.6425179313483,42
 1533.3204205837087,35
 1533.9983234038268,25
 1534.6762263917024,45
 1535.3541295473358,42
 1536.0320328707267,45
 1536.709936361875,43
 1537.387840020781,38
 1538.0657438474448,50
 1538.743647841866,58
 1539.4215520040448,56
 1540.0994563339814,38
 1540.7773608316754,43
 1541.4552654971271,37
 1542.1331703303363,33
 1542.8110753313033,43
 1543.4889805000278,37
1544.166886,50
 1544.8447913407497,55
 1545.5226970127471,49
 1546.200602852502,47
 1546.8785088600146,39
 1547.5564150352845,32
 1548.2343213783122,46
 1548.9122278890977,40
 1549.5901345676407,33
 1550.2680414139413,35
 1550.9459484279994,15
 1551.623855609815,29
 1552.3017629593887,40
 1552.9796704767193,32
 1553.657578161808,34
 1554.3354860146542,36
 1555.013394035258,38
 1555.6913022236195,39
 1556.3692105797386,44
 1557.0471191036152,40
 1557.7250277952494,51
 1558.402936654641,41
 1559.0808456817906,40
 1559.7587548766976,34
 1560.4366642393622,40
 1561.1145737697846,32
 1561.7924834679643,33
 1562.470393333902,29
 1563.148303367597,34
 1563.8262135690495,36
 1564.5041239382597,32
 1565.1820344752275,38
 1565.8599451799532,31
 1566.5378560524362,33
 1567.215767092677,42
 1567.8936783006752,33
 1568.5715896764311,26
 1569.2495012199445,44
 1569.9274129312157,34
 1570.6053248102444,36
 1571.2832368570307,29
 1571.9611490715747,36
 1572.6390614538761,21
 1573.3169740039355,36
 1573.9948867217522,31
 1574.6727996073264,38
 1575.3507126606582,30
 1576.028625881748,30
 1576.7065392705952,33
1577.384453,33
 1578.0623665515623,40
 1578.7402804436822,36
 1579.4181945035598,40
 1580.0961087311948,47
 1580.7740231265877,50
 1581.451937689738,47
 1582.129852420646,41
 1582.8077673193118,50
 1583.4856823857351,43
 1584.163597619916,43
 1584.8415130218543,40
 1585.5194285915502,39
 1586.1973443290037,38
 1586.8752602342151,49
 1587.553176307184,77
 1588.2310925479105,117
 1588.9090089563945,126
 1589.5869255326363,85
 1590.2648422766356,46
 1590.942759188392,44
 1591.6206762679067,52
 1592.2985935151787,94
 1592.9765109302084,94
 1593.6544285129958,96
 1594.3323462635408,65
 1595.0102641818432,53
 1595.6881822679034,37
 1596.366100521721,41
 1597.0440189432964,36
 1597.7219375326292,35
 1598.3998562897198,28
 1599.077775214568,41
 1599.7556943071736,32
 1600.4336135675371,34
 1601.111532995658,32
 1601.7894525915365,29
 1602.4673723551725,35
 1603.1452922865665,36
 1603.8232123857179,30
 1604.5011326526267,28
 1605.1790530872934,35
 1605.8569736897175,36
 1606.5348944598993,39
 1607.2128153978385,34
 1607.8907365035357,37
 1608.5686577769902,42
 1609.2465792182024,35
 1609.9245008271723,31
 1610.6024226038999,37
 1611.2803445483848,44
 1611.9582666606275,32
 1612.6361889406276,35
 1613.3141113883853,37
 1613.992034003901,19
 1614.669956787174,34
 1615.3478797382047,42
 1616.0258028569929,41
 1616.703726143539,35
 1617.3816495978424,35
 1618.059573219903,30
 1618.737497009722,33
 1619.4154209672981,39
 1620.093345092632,46
 1620.7712693857236,71
 1621.4491938465728,71
 1622.1271184751795,62
 1622.8050432715438,29
 1623.4829682356656,40
 1624.1608933675452,33
 1624.8388186671823,30
 1625.516744134577,47
 1626.1946697697294,37
 1626.8725955726393,37
 1627.550521543307,42
 1628.2284476817322,20
 1628.9063739879148,36
 1629.584300461855,49
 1630.262227103553,54
 1630.9401539130088,75
 1631.6180808902218,60
 1632.2960080351927,48
 1632.973935347921,43
 1633.651862828407,37
 1634.3297904766505,18
 1635.0077182926518,31
 1635.6856462764106,34
 1636.363574427927,37
 1637.041502747201,24
 1637.7194312342328,40
 1638.397359889022,39
 1639.0752887115689,59
 1639.7532177018732,41
 1640.431146859935,31
 1641.109076185755,34
 1641.7870056793322,26
 1642.4649353406671,29
 1643.1428651697595,35
 1643.8207951666095,37
 1644.4987253312174,29
 1645.1766556635823,35
 1645.8545861637053,28
 1646.5325168315858,35
 1647.210447667224,34
 1647.8883786706197,34
 1648.566309841773,28
 1649.244241180684,31
 1649.9221726873525,22
 1650.6001043617784,37
 1651.278036203962,36
 1651.9559682139036,35
 1652.6339003916025,27
 1653.3118327370591,26
 1653.9897652502732,26
 1654.6676979312451,29
 1655.3456307799745,28
 1656.0235637964613,29
 1656.7014969807058,24
 1657.379430332708,45
 1658.0573638524677,23
 1658.7352975399851,32
 1659.4132313952603,22
 1660.0911654182928,26
 1660.769099609083,41
 1661.4470339676307,61
 1662.1249684939362,43
 1662.8029031879992,39
 1663.4808380498198,33
 1664.158773079398,27
 1664.8367082767338,22
 1665.5146436418274,34
 1666.1925791746785,33
 1666.870514875287,28
 1667.5484507436531,36
 1668.2263867797772,30
 1668.9043229836586,40
 1669.5822593552975,29
 1670.2601958946943,29
 1670.9381326018486,30
 1671.6160694767605,32
 1672.2940065194298,28
 1672.971943729857,31
 1673.6498811080417,26
 1674.327818653984,29
 1675.005756367684,29
 1675.6836942491416,26
 1676.3616322983567,21
 1677.0395705153294,19
 1677.7175089000596,37
 1678.3954474525474,33
 1679.073386172793,22
 1679.7513250607963,34
 1680.429264116557,29
 1681.1072033400753,39
 1681.7851427313515,21
 1682.463082290385,30
 1683.1410220171758,26
 1683.8189619117247,29
 1684.496901974031,36
 1685.174842204095,40
 1685.8527826019167,34
 1686.530723167496,27
 1687.2086639008328,27
 1687.8866048019272,21
 1688.564545870779,25
 1689.2424871073888,27
 1689.920428511756,32
 1690.5983700838808,28
 1691.2763118237633,27
 1691.9542537314032,30
 1692.632195806801,30
 1693.3101380499563,30
 1693.988080460869,28
 1694.6660230395394,43
 1695.3439657859676,24
 1696.0219087001533,32
 1696.6998517820964,28
 1697.3777950317974,25
 1698.0557384492558,27
 1698.733682034472,28
 1699.4116257874455,25
 1700.089569708177,30
 1700.7675137966658,22
 1701.4454580529123,35
 1702.1234024769165,19
 1702.8013470686783,38
 1703.4792918281976,32
 1704.1572367554745,28
 1704.835181850509,29
 1705.513127113301,36
 1706.1910725438509,30
 1706.8690181421582,23
 1707.5469639082232,35
 1708.2249098420457,27
 1708.9028559436258,24
 1709.5808022129638,30
 1710.2587486500588,23
 1710.936695254912,36
 1711.6146420275225,31
 1712.2925889678907,35
 1712.9705360760165,30
1713.648483,20
 1714.326430795541,28
 1715.0043784069396,29
 1715.6823261860957,21
 1716.3602741330096,28
 1717.038222247681,27
1717.716171,28
 1718.3941189802968,20
 1719.072067598241,18
 1719.750016383943,37
 1720.4279653374024,31
 1721.1059144586193,30
 1721.7838637475938,21
 1722.461813204326,38
 1723.1397628288162,22
 1723.8177126210635,28
 1724.4956625810687,37
 1725.1736127088313,26
 1725.8515630043516,21
 1726.5295134676294,37
 1727.207464098665,30
 1727.885414897458,33
 1728.5633658640088,44
 1729.2413169983172,62
 1729.919268300383,113
 1730.5972197702067,93
 1731.2751714077879,63
 1731.9531232131264,37
 1732.6310751862227,28
 1733.3090273270768,27
 1733.9869796356884,33
 1734.6649321120576,34
 1735.342884756184,24
 1736.0208375680684,23
 1736.6987905477104,19
 1737.3767436951098,27
 1738.054697010267,26
 1738.7326504931818,36
 1739.4106041438542,28
 1740.0885579622843,29
 1740.7665119484718,21
 1741.4444661024172,26
1742.12242,25
 1742.8003749135803,25
 1743.4783295707982,24
 1744.156284395774,24
 1744.8342393885073,24
 1745.512194548998,32
 1746.1901498772465,23
 1746.8681053732525,25
 1747.5460610370162,31
 1748.2240168685373,31
 1748.9019728678163,28
 1749.5799290348527,21
 1750.2578853696468,21
 1750.9358418721986,19
 1751.613798542508,29
 1752.2917553805748,28
 1752.9697123863994,24
 1753.6476695599813,31
 1754.325626901321,34
 1755.0035844104184,18
 1755.6815420872733,18
 1756.359499931886,30
 1757.037457944256,26
 1757.7154161243836,24
 1758.3933744722692,21
 1759.0713329879118,28
 1759.7492916713124,28
 1760.4272505224706,31
 1761.1052095413863,22
 1761.7831687280598,27
 1762.4611280824909,28
 1763.1390876046794,44
 1763.8170472946256,151
 1764.4950071523292,263
 1765.1729671777907,383
 1765.8509273710097,320
 1766.5288877319863,171
 1767.2068482607206,64
 1767.8848089572123,25
 1768.5627698214619,18
 1769.240730853469,22
 1769.9186920532334,24
 1770.5966534207555,26
 1771.2746149560353,22
 1771.952576659073,26
 1772.6305385298679,32
 1773.3085005684206,29
 1773.9864627747309,35
 1774.6644251487987,21
 1775.342387690624,14
 1776.0203504002072,22
 1776.6983132775479,34
 1777.3762763226462,22
 1778.0542395355021,24
 1778.7322029161155,25
 1779.4101664644868,28
 1780.0881301806155,29
 1780.7660940645017,21
 1781.4440581161455,36
 1782.1220223355472,28
 1782.7999867227063,24
 1783.4779512776229,33
 1784.1559160002973,36
 1784.8338808907292,24
 1785.5118459489188,31
 1786.1898111748658,25
 1786.8677765685707,24
 1787.545742130033,25
 1788.223707859253,24
 1788.9016737562306,29
 1789.579639820966,19
 1790.2576060534586,26
 1790.935572453709,26
 1791.6135390217169,30
 1792.2915057574824,16
 1792.9694726610057,26
 1793.6474397322866,34
 1794.325406971325,26
 1795.003374378121,25
 1795.6813419526748,27
 1796.359309694986,20
 1797.0372776050544,38
 1797.715245682881,26
 1798.393213928465,25
 1799.0711823418067,29
 1799.749150922906,16
 1800.427119671763,30
 1801.1050885883774,26
 1801.7830576727495,29
 1802.461026924879,20
 1803.1389963447664,26
 1803.8169659324112,19
 1804.4949356878137,27
 1805.1729056109739,19
 1805.8508757018915,25
 1806.528845960567,25
1807.206816,26
 1807.8847869811902,34
 1808.5627577431383,32
 1809.2407286728442,30
 1809.9186997703075,28
 1810.5966710355283,26
 1811.274642468507,25
 1811.952614069243,17
 1812.6305858377368,28
 1813.308557773988,32
 1813.986529877997,37
 1814.6645021497636,21
 1815.3424745892878,19
 1816.0204471965696,14
 1816.6984199716092,21
 1817.376392914406,31
 1818.0543660249607,30
 1818.7323393032727,17
 1819.4103127493424,27
1820.088286,27
 1820.766260144755,30
 1821.4442340940977,20
 1822.1222082111979,25
 1822.8001824960556,23
 1823.4781569486713,29
 1824.156131569044,22
 1824.8341063571747,18
 1825.512081313063,26
 1826.1900564367088,31
 1826.8680317281123,36
 1827.5460071872735,37
 1828.2239828141921,22
 1828.9019586088684,29
 1829.5799345713021,21
 1830.2579107014938,22
 1830.9358869994428,32
 1831.6138634651495,25
 1832.2918400986139,31
 1832.9698168998357,19
 1833.6477938688154,18
 1834.3257710055525,20
 1835.003748310047,29
 1835.6817257822993,18
 1836.3597034223092,28
 1837.0376812300767,26
 1837.715659205602,36
 1838.3936373488848,23
 1839.071615659925,22
 1839.749594138723,30
 1840.4275727852785,30
 1841.1055515995918,29
 1841.7835305816625,22
 1842.4615097314909,28
 1843.139489049077,24
 1843.8174685344204,14
 1844.4954481875218,28
 1845.1734280083806,25
 1845.8514079969968,31
 1846.5293881533707,43
 1847.2073684775025,49
 1847.8853489693918,64
 1848.5633296290384,65
 1849.241310456443,48
 1849.919291451605,26
 1850.5972726145246,29
 1851.2752539452017,20
 1851.9532354436367,19
 1852.631217109829,26
 1853.3091989437792,25
 1853.987180945487,27
 1854.6651631149523,19
 1855.3431454521751,19
 1856.0211279571556,27
 1856.6991106298935,18
 1857.3770934703891,28
 1858.0550764786426,27
 1858.7330596546535,19
 1859.411042998422,19
 1860.089026509948,27
 1860.767010189232,28
 1861.4449940362733,15
 1862.1229780510719,27
 1862.8009622336285,30
 1863.4789465839426,19
 1864.1569311020144,14
 1864.8349157878438,20
 1865.5129006414309,27
 1866.1908856627754,18
 1866.8688708518775,30
 1867.5468562087372,28
 1868.2248417333547,21
 1868.9028274257296,23
 1869.5808132858622,23
 1870.2587993137524,24
 1870.9367855094001,25
 1871.6147718728057,19
 1872.2927584039687,32
 1872.9707451028892,19
 1873.6487319695673,37
 1874.326719004003,27
 1875.0047062061967,32
 1875.6826935761476,22
 1876.3606811138563,38
 1877.0386688193225,20
 1877.7166566925464,30
 1878.3946447335277,27
 1879.0726329422669,36
 1879.7506213187635,17
 1880.4286098630178,23
 1881.1065985750297,22
 1881.7845874547993,23
 1882.4625765023263,21
 1883.140565717611,17
 1883.8185551006532,18
 1884.496544651453,24
 1885.1745343700106,22
 1885.8525242563258,23
 1886.5305143103985,27
 1887.2085045322287,30
 1887.8864949218166,27
 1888.5644854791624,31
 1889.2424762042651,28
 1889.920467097126,24
 1890.5984581577443,25
 1891.2764493861202,33
 1891.9544407822539,25
 1892.6324323461452,24
 1893.3104240777939,33
 1893.9884159772002,22
 1894.666408044364,18
 1895.3444002792855,21
 1896.022392681965,25
 1896.7003852524017,25
 1897.3783779905962,26
 1898.056370896548,12
 1898.7343639702578,24
 1899.412357211725,15
 1900.0903506209497,22
 1900.768344197932,22
 1901.446337942672,31
 1902.1243318551697,19
 1902.802325935425,36
 1903.480320183438,24
 1904.1583145992083,27
 1904.8363091827364,26
 1905.5143039340219,35
 1906.1922988530653,14
 1906.870293939866,19
 1907.5482891944246,22
 1908.2262846167407,19
 1908.9042802068143,26
 1909.5822759646458,20
 1910.2602718902347,26
 1910.938267983581,22
 1911.616264244685,26
 1912.294260673547,20
 1912.9722572701662,25
 1913.650254034543,27
 1914.3282509666776,14
 1915.0062480665697,28
 1915.6842453342194,24
 1916.3622427696266,25
 1917.0402403727917,26
 1917.7182381437142,27
 1918.3962360823944,25
 1919.0742341888322,22
 1919.7522324630277,31
 1920.4302309049806,29
 1921.1082295146912,20
 1921.7862282921592,20
 1922.4642272373849,16
 1923.1422263503684,22
 1923.8202256311095,24
 1924.4982250796081,25
 1925.1762246958642,25
 1925.8542244798782,32
 1926.5322244316496,23
 1927.2102245511783,19
 1927.888224838465,21
 1928.5662252935092,23
 1929.244225916311,19
 1929.9222267068706,28
 1930.6002276651877,27
 1931.2782287912623,30
 1931.9562300850946,30
 1932.6342315466843,24
 1933.312233176032,32
 1933.990234973137,21
 1934.6682369379996,26
1935.346239,16
 1936.0242413709977,28
 1936.7022438391334,25
 1937.3802464750265,21
 1938.058249278677,20
 1938.7362522500853,25
 1939.4142553892511,29
 1940.092258696175,26
 1940.7702621708559,22
 1941.4482658132947,21
 1942.126269623491,18
 1942.804273601445,28
 1943.4822777471563,28
 1944.1602820606256,22
 1944.8382865418523,29
 1945.5162911908367,17
 1946.1942960075787,20
 1946.8723009920784,9
 1947.5503061443355,20
 1948.2283114643503,28
 1948.9063169521226,26
 1949.5843226076524,21
 1950.2623284309402,14
 1950.9403344219854,24
 1951.6183405807883,21
 1952.2963469073486,22
 1952.9743534016666,20
 1953.6523600637422,31
 1954.3303668935753,18
 1955.0083738911662,28
 1955.6863810565146,24
 1956.3643883896207,23
 1957.0423958904844,27
 1957.7204035591058,24
 1958.3984113954846,22
 1959.076419399621,23
 1959.754427571515,22
 1960.4324359111665,23
 1961.110444418576,20
 1961.7884530937429,13
 1962.4664619366674,24
 1963.1444709473494,20
 1963.8224801257893,21
 1964.5004894719866,28
 1965.1784989859411,21
 1965.8565086676538,22
 1966.5345185171236,22
 1967.2125285343513,22
 1967.8905387193367,18
 1968.5685490720796,22
 1969.2465595925803,28
 1969.9245702808385,12
 1970.602581136854,21
 1971.2805921606273,22
 1971.9586033521584,16
 1972.636614711447,16
 1973.314626238493,26
 1973.992637933297,33
 1974.6706497958583,25
 1975.3486618261772,22
 1976.0266740242537,27
 1976.704686390088,28
 1977.3826989236798,24
 1978.0607116250292,18
 1978.7387244941362,24
 1979.416737531001,25
 1980.0947507356232,24
 1980.772764108003,18
 1981.4507776481403,23
 1982.1287913560352,23
 1982.806805231688,28
 1983.4848192750983,19
 1984.1628334862662,27
 1984.8408478651916,23
 1985.5188624118746,24
 1986.1968771263155,27
 1986.8748920085134,31
 1987.5529070584694,23
 1988.2309222761828,25
 1988.908937661654,19
 1989.5869532148827,23
 1990.264968935869,20
 1990.942984824613,22
 1991.6210008811145,17
 1992.2990171053734,22
 1992.9770334973903,19
 1993.6550500571645,15
 1994.3330667846965,26
 1995.011083679986,20
 1995.6891007430331,25
 1996.367117973838,17
 1997.0451353724004,28
 1997.7231529387202,29
 1998.4011706727977,22
 1999.0791885746328,26
 1999.7572066442258,31
 2000.435224881576,18
 2001.113243286684,14
 2001.7912618595496,19
 2002.4692806001729,26
 2003.1472995085535,19
 2003.825318584692,22
 2004.503337828588,25
 2005.1813572402416,18
 2005.8593768196529,23
 2006.5373965668216,18
 2007.2154164817482,19
 2007.8934365644322,27
 2008.5714568148737,28
 2009.2494772330729,21
2009.927498,16
 2010.6055185727444,31
 2011.2835394942163,32
 2011.961560583446,21
 2012.6395818404333,22
 2013.3176032651781,22
 2013.9956248576805,19
 2014.6736466179407,22
 2015.3516685459583,20
 2016.0296906417336,21
 2016.7077129052666,24
 2017.3857353365572,21
 2018.0637579356053,30
 2018.741780702411,15
 2019.4198036369742,21
 2020.097826739295,17
 2020.7758500093737,18
 2021.4538734472098,22
 2022.1318970528037,22
 2022.809920826155,22
 2023.487944767264,23
 2024.1659688761306,15
 2024.8439931527544,32
 2025.5220175971363,25
 2026.2000422092756,15
 2026.8780669891726,19
 2027.5560919368272,12
 2028.2341170522395,23
 2028.9121423354093,22
 2029.5901677863367,18
 2030.2681934050215,27
 2030.9462191914643,21
 2031.6242451456644,23
 2032.3022712676222,24
 2032.9802975573377,21
 2033.6583240148107,14
 2034.3363506400415,21
 2035.0143774330297,19
 2035.6924043937754,27
 2036.3704315222787,21
 2037.0484588185398,21
 2037.7264862825587,25
 2038.4045139143348,21
 2039.0825417138687,22
 2039.7605696811602,15
 2040.4385978162093,24
 2041.1166261190158,21
 2041.7946545895802,26
 2042.472683227902,27
 2043.1507120339816,21
 2043.8287410078187,22
 2044.5067701494136,25
 2045.1847994587658,16
 2045.8628289358758,14
 2046.5408585807431,16
 2047.2188883933682,13
 2047.8969183737509,22
 2048.5749485218917,17
 2049.252978837789,23
 2049.931009321445,28
 2050.609039972858,16
 2051.2870707920288,20
 2051.9651017789574,28
 2052.643132933643,18
 2053.321164256087,15
 2053.999195746288,27
 2054.6772274042464,16
 2055.355259229963,21
 2056.033291223437,14
 2056.711323384669,30
 2057.3893557136576,11
 2058.0673882104047,12
 2058.745420874909,15
 2059.423453707171,29
 2060.101486707191,19
 2060.7795198749677,20
 2061.4575532105027,23
 2062.135586713795,16
 2062.8136203848453,23
 2063.491654223653,18
 2064.1696882302185,21
 2064.847722404541,21
 2065.5257567466215,23
 2066.2037912564597,24
 2066.881825934055,29
 2067.5598607794086,21
 2068.2378957925193,25
 2068.915930973388,24
 2069.593966322014,19
 2070.272001838398,25
 2070.950037522539,25
 2071.628073374438,21
 2072.3061093940946,28
 2072.9841455815085,21
 2073.6621819366806,16
2074.340218,20
 2075.0182551502967,29
 2075.6962920087412,21
 2076.374329034943,24
 2077.052366228903,22
 2077.7304035906204,23
 2078.4084411200956,15
 2079.086478817328,16
 2079.764516682318,20
 2080.442554715066,22
 2081.1205929155717,25
 2081.7986312838343,19
 2082.4766698198546,21
 2083.154708523633,13
 2083.8327473951686,12
 2084.5107864344623,23
 2085.188825641513,24
 2085.866865016322,21
 2086.544904558888,23
 2087.222944269212,26
 2087.9009841472935,26
 2088.579024193132,23
 2089.257064406729,17
 2089.935104788083,22
 2090.6131453371954,19
 2091.291186054065,19
 2091.969226938692,19
 2092.6472679910767,19
 2093.3253092112186,17
 2094.0033505991187,18
 2094.681392154776,21
 2095.3594338781913,20
 2096.037475769364,32
 2096.715517828294,22
 2097.393560054982,21
 2098.0716024494272,34
 2098.749645011631,24
 2099.4276877415914,13
2100.105731,15
 2100.7837737047857,22
 2101.4618169380196,36
 2102.1398603390103,46
 2102.8179039077595,49
 2103.4959476442655,77
 2104.173991548529,86
 2104.8520356205513,85
 2105.5300798603303,51
 2106.2081242678673,39
 2106.886168843161,28
 2107.5642135862136,25
 2108.242258497023,26
2108.920304,21
 2109.598348821915,22
 2110.276394235997,18
 2110.9544398178373,17
 2111.6324855674347,27
 2112.3105314847903,19
 2112.988577569903,23
 2113.6666238227735,23
 2114.3446702434017,26
 2115.022716831787,24
 2115.7007635879304,20
 2116.378810511831,27
2117.056858,22
 2117.7349048629058,23
2118.412952,36
 2119.0909998850107,41
 2119.7690476476996,33
 2120.447095578146,33
2121.125144,27
 2121.803191942312,28
 2122.481240376031,28
 2123.1592889775084,18
 2123.8373377467424,14
 2124.515386683735,28
 2125.1934357884843,21
 2125.8714850609917,20
 2126.549534501257,17
 2127.227584109279,18
 2127.9056338850596,26
 2128.583683828597,19
 2129.2617339398926,8
 2129.9397842189455,19
 2130.6178346657557,16
 2131.295885280324,23
2131.973936,16
 2132.6519870127336,27
 2133.330038130574,15
 2134.008089416173,19
 2134.686140869529,24
 2135.364192490643,17
 2136.0422442795143,13
 2136.720296236143,15
2137.398348,18
 2138.076400652674,21
 2138.754453112576,22
 2139.4325057402352,16
 2140.1105585356527,21
 2140.788611498827,24
 2141.466664629759,22
 2142.144717928449,28
 2142.8227713948963,13
 2143.5008250291016,29
 2144.178878831064,18
 2144.8569328007848,22
 2145.5349869382626,13
 2146.213041243498,30
 2146.891095716491,26
 2147.5691503572416,21
2148.247205,17
 2148.9252601420158,20
 2149.6033152860396,25
 2150.2813705978206,27
 2150.9594260773592,17
 2151.6374817246556,20
 2152.315537539709,20
 2152.993593522521,27
2153.67165,18
 2154.349705991417,26
 2155.0277624775013,21
 2155.705819131343,23
 2156.3838759529426,20
 2157.0619329423002,23
 2157.7399900994146,26
 2158.4180474242867,21
 2159.096104916917,24
 2159.7741625773047,20
 2160.4522204054497,27
 2161.1302784013524,22
 2161.808336565013,16
 2162.4863948964307,17
 2163.1644533956064,12
 2163.8425120625398,23
 2164.5205708972303,20
 2165.198629899679,21
 2165.876689069885,16
 2166.554748407849,27
2167.232808,28
 2167.910867587049,23
 2168.5889274282854,18
 2169.266987437279,23
 2169.945047614031,25
2170.623108,22
 2171.301168470807,23
 2171.9792291508315,20
 2172.6572899986136,22
 2173.3353510141533,12
2174.013412,17
 2174.6914735485057,15
 2175.369535067318,26
 2176.0475967538882,24
 2176.725658608216,19
 2177.4037206303015,22
 2178.081782820144,25
 2178.759845177745,20
 2179.4379077031026,15
 2180.115970396218,18
 2180.794033257092,24
 2181.4720962857227,20
 2182.1501594821116,22
 2182.828222846257,16
 2183.5062863781613,19
 2184.1843500778227,23
 2184.8624139452413,23
 2185.540477980418,21
 2186.218542183352,22
 2186.896606554044,19
 2187.574671092493,23
 2188.2527357987005,17
 2188.930800672665,19
 2189.6088657143873,15
 2190.286930923867,20
 2190.9649963011043,15
 2191.6430618460995,18
 2192.321127558852,18
 2192.9991934393624,28
2193.677259,19
 2194.355325703656,9
 2195.0333920874386,18
 2195.7114586389794,19
 2196.3895253582778,15
 2197.0675922453333,18
 2197.745659300147,20
 2198.4237265227175,16
 2199.1017939130465,14
 2199.779861471133,24
 2200.4579291969767,17
 2201.1359970905783,22
 2201.814065151937,18
 2202.492133381054,30
 2203.170201777928,62
2203.84827,128
 2204.5263390749496,122
 2205.2044079750967,100
 2205.8824770430015,60
 2206.5605462786634,35
 2207.238615682084,27
 2207.916685253261,26
 2208.5947549921966,24
 2209.272824898889,16
2209.950895,17
 2210.6289652155474,17
 2211.3070356255134,14
 2211.9851062032362,18
 2212.6631769487167,26
 2213.3412478619557,20
 2214.0193189429515,13
 2214.6973901917054,23
 2215.375461608216,24
 2216.0535331924852,14
 2216.7316049445117,24
 2217.4096768642953,18
 2218.087748951837,15
 2218.765821207136,20
 2219.443893630193,32
 2220.1219662210074,22
 2220.8000389795798,23
 2221.4781119059094,20
 2222.1561849999966,25
 2222.8342582618416,18
 2223.5123316914437,33
 2224.190405288804,21
 2224.8684790539214,22
 2225.546552986797,20
2226.224627,24
 2226.9027013558207,24
 2227.5807757919683,20
 2228.258850395874,21
 2228.9369251675375,21
 2229.615000106958,32
 2230.293075214137,24
 2230.971150489073,15
 2231.649225931767,24
 2232.327301542218,26
 2233.005377320427,13
 2233.6834532663934,17
 2234.3615293801176,26
 2235.0396056615996,26
 2235.7176821108387,13
 2236.395758727836,24
2237.073836,16
 2237.7519124651026,19
 2238.4299895853724,22
 2239.1080668733994,8
 2239.7861443291845,18
 2240.4642219527273,21
 2241.1422997440277,9
 2241.820377703085,20
 2242.4984558299006,23
 2243.1765341244736,18
 2243.8546125868043,20
 2244.5326912168925,21
 2245.210770014738,23
 2245.8888489803417,22
 2246.5669281137025,17
 2247.2450074148214,10
 2247.9230868836976,23
 2248.601166520332,16
 2249.279246324723,15
 2249.957326296872,25
 2250.635406436779,18
 2251.313486744443,21
 2251.991567219865,22
 2252.6696478630442,19
 2253.3477286739817,28
 2254.025809652676,19
 2254.7038907991287,27
 2255.381972113338,21
 2256.060053595306,29
 2256.738135245031,22
 2257.4162170625136,15
 2258.0942990477542,21
 2258.772381200752,17
 2259.4504635215076,23
 2260.1285460100207,17
 2260.806628666291,22
2261.484711,18
 2262.1627944821057,32
 2262.8408776416495,18
 2263.5189609689505,15
 2264.197044464009,23
 2264.8751281268255,15
2265.553212,32
 2266.231295955731,25
2266.90938,24
 2267.587464455667,16
 2268.265548957271,23
 2268.9436336266335,23
 2269.621718463753,22
 2270.2998034686307,17
 2270.977888641265,27
 2271.6559739816576,20
 2272.3340594898077,20
 2273.012145165715,19
 2273.6902310093806,15
 2274.3683170208033,21
 2275.046403199984,24
 2275.724489546922,21
 2276.4025760616178,27
 2277.080662744071,16
 2277.7587495942817,18
 2278.4368366122503,16
 2279.114923797976,28
2279.793011,17
 2280.4710986727014,17
 2281.1491863617002,21
 2281.8272742184568,25
 2282.5053622429705,16
 2283.183450435243,25
 2283.861538795272,24
 2284.539627323059,21
 2285.2177160186034,28
 2285.895804881906,22
 2286.573893912965,20
 2287.251983111783,26
 2287.9300724783575,18
 2288.6081620126897,18
 2289.2862517147805,12
 2289.964341584628,15
 2290.6424316222337,18
 2291.320521827596,21
 2291.998612200717,24
 2292.6767027415954,38
 2293.3547934502308,19
 2294.0328843266243,21
 2294.710975370775,27
 2295.389066582684,24
2296.067158,16
 2296.745249509774,16
 2297.4233412249555,14
 2298.1014331078945,15
 2298.7795251585912,20
 2299.457617377045,24
 2300.135709763257,18
 2300.8138023172264,19
 2301.4918950389538,14
 2302.1699879284383,16
 2302.848080985681,18
 2303.5261742106804,21
 2304.204267603438,17
 2304.882361163953,18
 2305.5604548922256,20
 2306.238548788256,27
 2306.916642852044,29
 2307.5947370835897,21
 2308.2728314828923,18
 2308.9509260499535,23
 2309.6290207847715,21
 2310.3071156873475,15
 2310.985210757681,29
 2311.663305995772,26
 2312.341401401621,18
 2313.019496975227,17
 2313.6975927165913,19
 2314.375688625713,17
 2315.0537847025917,17
 2315.7318809472285,17
 2316.409977359623,16
 2317.0880739397753,21
 2317.7661706876843,20
 2318.444267603352,22
 2319.1223646867766,27
 2319.800461937959,21
 2320.478559356899,20
 2321.1566569435963,24
 2321.8347546980517,18
 2322.5128526202643,18
 2323.190950710235,15
 2323.869048967963,25
 2324.547147393449,18
 2325.225245986692,14
 2325.9033447476927,19
 2326.5814436764513,31
 2327.259542772967,23
 2327.937642037241,26
 2328.615741469272,16
 2329.2938410690613,27
 2329.9719408366077,19
 2330.650040771912,16
 2331.328140874973,37
 2332.0062411457925,21
 2332.6843415843696,19
 2333.362442190704,20
 2334.0405429647963,21
 2334.718643906646,28
 2335.396745016253,31
 2336.074846293618,25
2336.752948,20
 2337.431049351621,21
 2338.1091511322584,22
 2338.787253080654,29
 2339.4653551968067,18
 2340.143457480717,24
 2340.8215599323853,14
 2341.4996625518115,25
 2342.1777653389945,27
 2342.855868293935,19
 2343.533971416634,23
 2344.2120747070903,16
 2344.890178165304,17
 2345.5682817912752,17
 2346.2463855850046,28
 2346.924489546491,18
 2347.602593675735,22
 2348.280697972737,25
 2348.958802437496,19
 2349.6369070700134,26
 2350.315011870288,21
 2350.9931168383205,26
 2351.6712219741103,22
 2352.3493272776577,20
 2353.027432748963,31
 2353.705538388025,24
 2354.3836441948456,23
 2355.0617501694232,25
 2355.739856311759,15
 2356.417962621852,16
 2357.0960690997026,27
 2357.774175745311,17
 2358.4522825586764,14
 2359.1303895398005,18
 2359.8084966886813,20
 2360.4866040053203,28
 2361.1647114897164,21
 2361.8428191418707,19
 2362.5209269617817,29
 2363.1990349494513,17
 2363.8771431048776,19
 2364.5552514280616,22
 2365.233359919004,18
 2365.9114685777035,32
 2366.589577404161,26
 2367.267686398375,24
 2367.945795560348,22
 2368.623904890078,23
 2369.302014387565,25
 2369.9801240528104,14
 2370.658233885813,26
 2371.3363438865736,27
 2372.0144540550914,17
 2372.6925643913673,20
 2373.3706748954005,17
 2374.0487855671913,21
2374.726896,28
 2375.4050074140455,15
 2376.0831185891093,29
 2376.7612299319303,22
 2377.4393414425094,27
 2378.1174531208458,23
2378.795565,31
 2379.4736769807914,28
 2380.1517891624007,11
 2380.8299015117677,18
 2381.508014028892,20
 2382.1861267137742,24
 2382.8642395664137,19
 2383.5423525868114,15
 2384.2204657749658,19
 2384.8985791308787,22
 2385.5766926545484,20
 2386.2548063459762,17
 2386.9329202051617,19
 2387.6110342321044,17
 2388.2891484268052,17
 2388.9672627892633,25
 2389.645377319479,22
 2390.3234920174523,20
 2391.001606883183,17
 2391.6797219166715,18
 2392.357837117918,21
 2393.035952486922,20
 2393.714068023683,18
 2394.392183728202,20
 2395.0702996004784,17
 2395.7484156405126,19
 2396.4265318483044,19
 2397.1046482238535,24
 2397.7827647671606,17
 2398.460881478225,14
 2399.1389983570475,12
 2399.817115403627,17
 2400.495232617965,14
 2401.1733500000596,17
 2401.8514675499123,20
 2402.5295852675226,13
2403.207703,11
 2403.885821206016,22
 2404.5639394268987,15
 2405.2420578155397,19
 2405.920176371938,20
 2406.598295096094,20
 2407.276413988007,21
 2407.954533047678,13
 2408.632652275107,22
 2409.310771670293,19
 2409.988891233237,16
 2410.6670109639385,19
 2411.3451308623976,17
 2412.0232509286143,19
 2412.701371162588,22
 2413.3794915643207,17
2414.057612,11
 2414.7357328710573,14
 2415.413853776062,17
 2416.091974848824,16
 2416.770096089344,18
 2417.448217497622,12
 2418.1263390736567,17
 2418.804460817449,12
 2419.4825827289997,18
 2420.160704808308,12
 2420.8388270553733,8
 2421.5169494701963,21
 2422.1950720527775,17
 2422.8731948031154,11
 2423.5513177212115,17
 2424.229440807065,21
 2424.907564060676,17
 2425.585687482045,12
 2426.2638110711714,15
 2426.9419348280558,18
 2427.6200587526973,19
 2428.2981828450966,13
 2428.9763071052535,15
 2429.654431533167,23
 2430.3325561288393,18
 2431.0106808922687,16
 2431.6888058234563,15
 2432.366930922401,12
 2433.045056189104,14
 2433.7231816235635,19
 2434.4013072257812,25
 2435.0794329957566,19
 2435.7575589334892,17
2436.435685,15
 2437.113811312228,7
 2437.791937753234,24
 2438.4700643619967,15
 2439.148191138518,20
 2439.826318082796,17
 2440.5044451948324,12
 2441.1825724746263,20
 2441.8606999221774,15
 2442.5388275374867,11
 2443.2169553205526,18
 2443.895083271377,16
 2444.573211389959,20
 2445.251339676298,23
 2445.929468130395,16
 2446.6075967522497,24
 2447.285725541862,26
 2447.9638544992313,32
 2448.641983624359,33
 2449.320112917244,37
 2449.9982423778865,25
 2450.676372006287,18
 2451.3545018024442,8
2452.032632,21
 2452.7107618980326,14
 2453.3888921974635,14
 2454.0670226646516,15
 2454.745153299598,20
 2455.423284102301,16
 2456.101415072762,18
 2456.7795462109807,8
 2457.4576775169567,13
 2458.1358089906907,19
 2458.813940632182,24
 2459.4920724414314,9
 2460.170204418438,9
 2460.8483365632023,12
 2461.526468875724,13
 2462.2046013560034,18
 2462.8827340040407,15
 2463.560866819835,14
 2464.2389998033877,14
 2464.9171329546975,17
 2465.595266273765,10
2466.2734,11
 2466.9515334151724,15
 2467.6296672375133,17
 2468.307801227611,16
 2468.9859353854667,11
 2469.6640697110797,19
 2470.3422042044504,13
 2471.0203388655787,17
 2471.698473694465,18
 2472.3766086911082,16
 2473.054743855509,16
 2473.732879187668,12
 2474.4110146875846,22
 2475.0891503552584,17
2475.767286,22
 2476.4454221938795,12
 2477.123558364826,9
 2477.8016947035303,14
 2478.4798312099924,14
 2479.1579678842118,8
 2479.836104726189,11
 2480.514241735924,10
 2481.1923789134166,15
 2481.8705162586666,16
 2482.5486537716743,13
 2483.2267914524396,24
 2483.904929300962,14
 2484.5830673172427,16
 2485.2612055012805,21
 2485.9393438530765,18
 2486.6174823726296,12
 2487.2956210599405,18
 2487.973759915009,6
 2488.6518989378346,11
 2489.330038128419,20
2490.008177,17
 2490.686317012859,14
 2491.3644567067154,13
2492.042597,15
 2492.720736597701,10
 2493.398876794831,8
 2494.0770171597173,17
 2494.7551576923615,8
 2495.4332983927643,8
 2496.111439260924,11
 2496.7895802968415,10
 2497.467721500516,8
 2498.145862871949,11
 2498.824004411139,14
 2499.5021461180863,15
 2500.180287992792,12
 2500.8584300352545,9
 2501.5365722454753,8
 2502.2147146234533,11
 2502.8928571691895,17
 2503.570999882683,5
 2504.249142763934,15
 2504.9272858129425,7
 2505.6054290297084,16
 2506.2835724142324,9
 2506.9617159665136,21
 2507.639859686553,9
 2508.3180035743494,9
 2508.996147629904,11
 2509.6742918532154,14
 2510.352436244285,10
 2511.030580803112,13
 2511.7087255296965,10
 2512.386870424039,4
 2513.0650154861387,11
 2513.7431607159965,14
 2514.421306113611,9
 2515.099451678984,8
 2515.777597412114,10
 2516.455743313002,10
 2517.133889381648,13
 2517.8120356180507,6
 2518.4901820222117,8
 2519.1683285941294,12
 2519.8464753338058,12
 2520.5246222412393,12
2521.202769,8
 2521.880916559379,11
 2522.5590639700854,16
 2523.2372115485496,14
 2523.9153592947705,8
2524.593507,10
 2525.2716552904867,17
 2525.949803539981,3
 2526.627951957233,8
 2527.3061005422423,14
 2527.9842492950097,12
 2528.6623982155343,13
 2529.340547303817,8
 2530.018696559857,13
 2530.696845983655,14
 2531.3749955752096,13
 2532.0531453345225,14
 2532.731295261593,6
 2533.4094453564207,15
 2534.0875956190066,14
 2534.7657460493497,11
 2535.443896647451,13
 2536.1220474133092,14
 2536.8001983469253,7
 2537.4783494482986,11
2538.156501,15
 2538.834652154319,11
 2539.512803758965,16
 2540.1909555313696,13
 2540.869107471531,10
 2541.5472595794504,13
 2542.2254118551273,10
 2542.9035642985614,9
 2543.581716909754,15
 2544.2598696887035,5
 2544.938022635411,12
 2545.6161757498758,14
 2546.294329032098,14
 2546.9724824820782,9
 2547.6506360998164,16
 2548.3287898853114,8
 2549.006943838564,10
 2549.6850979595747,8
 2550.363252248343,12
 2551.0414067048687,10
 2551.719561329152,5
 2552.3977161211933,18
 2553.0758710809914,9
 2553.7540262085477,11
 2554.4321815038616,16
 2555.1103369669327,7
 2555.788492597762,8
 2556.4666483963483,10
 2557.144804362693,7
 2557.8229604967946,13
 2558.501116798654,11
 2559.179273268271,7
 2559.8574299056454,12
 2560.535586710778,9
 2561.2137436836674,16
 2561.891900824315,7
2562.570058,12
 2563.2482156088827,7
 2563.926373252803,6
 2564.6045310644804,12
 2565.2826890439164,5
 2565.960847191109,11
2566.639006,11
 2567.3171639887682,8
 2567.9953226392345,9
 2568.6734814574575,18
 2569.351640443439,12
 2570.0297995971773,10
 2570.7079589186733,13
 2571.386118407928,12
 2572.064278064939,10
 2572.7424378897085,4
 2573.4205978822347,11
 2574.0987580425194,8
 2574.7769183705614,14
 2575.4550788663605,8
 2576.133239529918,8
 2576.8114003612322,11
 2577.489561360305,14
 2578.1677225271346,5
 2578.8458838617225,10
 2579.5240453640677,13
 2580.2022070341704,11
 2580.880368872031,5
 2581.5585308776485,9
 2582.2366930510243,22
 2582.9148553921573,10
 2583.5930179010484,11
 2584.2711805776967,9
 2584.949343422103,11
 2585.6275064342663,7
 2586.3056696141875,7
 2586.9838329618665,13
 2587.6619964773026,10
 2588.340160160497,9
 2589.0183240114484,9
 2589.696488030158,5
 2590.3746522166243,11
 2591.0528165708492,12
 2591.730981092831,8
 2592.4091457825707,8
 2593.087310640068,6
 2593.765475665323,5
 2594.4436408583356,7
 2595.121806219105,5
 2595.799971747633,11
 2596.4781374439185,13
 2597.156303307961,8
 2597.8344693397617,15
2598.512636,11
 2599.190801906636,6
 2599.8689684417086,11
2600.547135,11
 2601.2253020151284,10
 2601.9034690534745,11
 2602.5816362595783,10
 2603.2598036334393,8
 2603.9379711750585,12
 2604.616138884435,15
 2605.2943067615693,4
 2605.972474806461,6
 2606.6506430191107,11
 2607.3288113995172,12
 2608.006979947682,9
 2608.685148663604,11
 2609.3633175472837,12
 2610.0414865987213,14
 2610.719655817916,9
 2611.397825204869,12
 2612.075994759579,20
 2612.754164482047,52
 2613.432334372272,116
 2614.1105044302553,250
 2614.788674655996,467
 2615.466845049494,596
 2616.1450156107503,483
 2616.8231863397637,316
 2617.5013572365347,126
 2618.1795283010633,38
 2618.857699533349,15
 2619.5358709333937,10
 2620.214042501195,7
 2620.892214236754,8
 2621.5703861400707,7
 2622.248558211145,9
 2622.9267304499767,8
 2623.6049028565667,10
 2624.2830754309134,8
 2624.961248173018,3
 2625.6394210828803,10
2626.317594,12
 2626.995767405878,7
 2627.673940819013,5
 2628.352114399906,6
 2629.030288148556,7
 2629.708462064964,8
 2630.3866361491296,8
 2631.0648104010525,13
 2631.7429848207335,9
 2632.4211594081717,8
 2633.099334163368,6
 2633.7775090863215,6
 2634.4556841770327,5
 2635.1338594355016,5
 2635.8120348617276,9
 2636.490210455712,10
 2637.168386217453,10
 2637.8465621469527,7
 2638.5247382442094,9
 2639.202914509224,9
 2639.881090941996,11
 2640.559267542525,4
 2641.237444310813,7
 2641.9156212468574,7
2642.593798,9
2643.271976,8
 2643.950153061538,5
 2644.6283306686128,4
 2645.306508443446,9
 2645.984686386036,5
 2646.662864496384,8
 2647.3410427744902,12
 2648.0192212203533,9
 2648.6973998339745,7
 2649.3755786153524,6
 2650.053757564489,5
 2650.7319366813826,8
 2651.4101159660336,4
 2652.0882954184426,4
 2652.766475038609,12
 2653.444654826533,10
 2654.122834782215,9
 2654.8010149056545,7
 2655.4791951968514,8
 2656.157375655806,6
 2656.835556282518,6
 2657.5137370769876,6
 2658.191918039215,7
2658.870099,5
 2659.5482804669427,7
 2660.226461932443,6
 2660.904643565701,8
 2661.5828253667155,6
 2662.2610073354886,10
 2662.9391894720193,6
 2663.617371776307,7
 2664.2955542483533,12
 2664.9737368881565,13
 2665.651919695718,9
 2666.330102671036,9
 2667.0082858141127,10
 2667.686469124946,12
 2668.3646526035377,8
 2669.042836249887,8
 2669.7210200639934,10
 2670.399204045858,9
 2671.0773881954797,1
 2671.755572512859,9
 2672.433756997996,11
 2673.1119416508905,6
 2673.790126471543,7
 2674.468311459953,11
 2675.1464966161207,10
 2675.8246819400456,6
 2676.502867431728,8
 2677.1810530911685,10
 2677.8592389183664,9
 2678.537424913322,5
 2679.2156110760347,14
 2679.8937974065057,3
 2680.5719839047338,8
2681.250171,12
 2681.9283574044634,4
 2682.606544405965,11
 2683.2847315752233,10
 2683.9629189122397,7
 2684.641106417014,2
 2685.319294089545,7
 2685.9974819298345,9
 2686.675669937881,4
 2687.353858113686,13
 2688.032046457248,9
 2688.7102349685674,9
 2689.3884236476442,9
 2690.066612494479,8
 2690.7448015090717,11
 2691.4229906914215,8
 2692.1011800415295,3
 2692.7793695593946,12
 2693.4575592450174,11
 2694.135749098398,6
 2694.8139391195355,8
 2695.4921293084317,9
 2696.1703196650847,7
 2696.8485101894958,8
 2697.526700881664,7
2698.204892,5
 2698.8830827692736,9
 2699.5612739647154,7
 2700.239465327914,9
2700.917657,8
 2701.5958485575843,12
 2702.2740404240562,8
 2702.9522324582854,8
 2703.630424660272,7
 2704.308617030017,7
 2704.986809567519,5
 2705.6650022727786,4
 2706.343195145796,5
 2707.0213881865707,9
 2707.6995813951035,8
 2708.3777747713934,5
 2709.0559683154415,7
 2709.734162027247,13
2710.412356,7
 2711.0905499541304,5
 2711.7687441692083,10
 2712.4469385520442,5
 2713.1251331026374,6
 2713.8033278209887,4
 2714.481522707097,9
 2715.1597177609633,12
 2715.837912982587,4
 2716.516108371968,10
 2717.1943039291077,6
 2717.872499654004,8
 2718.5506955466585,2
2719.228892,6
2719.907088,9
 2720.5852842311665,5
 2721.2634807948516,8
 2721.9416775262935,6
 2722.619874425493,7
 2723.298071492451,5
 2723.976268727166,6
 2724.654466129639,7
 2725.3326636998686,8
 2726.010861437857,7
 2726.6890593436024,4
 2727.367257417105,6
 2728.045455658366,11
 2728.723654067384,9
2729.401853,7
 2730.0800513886934,9
 2730.758250300985,12
 2731.4364493810335,12
2732.114649,6
 2732.792848044404,4
 2733.471047627725,8
 2734.1492473788044,9
 2734.827447297641,7
 2735.5056473842355,4
 2736.1838476385874,11
 2736.8620480606974,6
 2737.540248650564,10
 2738.218449408189,7
 2738.8966503335714,7
 2739.574851426711,4
 2740.253052687609,3
 2740.931254116264,6
 2741.609455712677,4
 2742.287657476847,7
 2742.9658594087755,6
 2743.6440615084607,10
 2744.322263775904,4
 2745.000466211105,5
 2745.6786688140633,3
 2746.3568715847796,7
 2747.0350745232527,7
 2747.7132776294843,8
 2748.391480903473,7
 2749.0696843452192,3
 2749.7478879547234,8
 2750.4260917319853,5
 2751.1042956770048,2
 2751.782499789781,2
 2752.460704070316,1
 2753.138908518608,6
 2753.8171131346576,7
 2754.495317918465,11
 2755.1735228700295,9
 2755.851727989352,6
 2756.529933276432,3
2757.208139,8
 2757.8863443538653,6
 2758.5645501442186,3
 2759.2427561023287,10
 2759.920962228197,7
 2760.599168521823,7
 2761.277374983206,4
 2761.955581612347,9
 2762.6337884092454,10
 2763.311995373902,3
 2763.990202506315,3
 2764.668409806487,12
 2765.3466172744156,8
 2766.0248249101023,9
 2766.7030327135467,9
 2767.3812406847483,9
 2768.059448823708,3
 2768.737657130425,4
 2769.4158656048994,12
 2770.0940742471316,6
 2770.772283057121,4
 2771.450492034869,11
 2772.128701180374,9
 2772.8069104936367,6
 2773.4851199746568,11
 2774.1633296234345,6
2774.841539,4
 2775.5197494242634,8
 2776.1979595763137,5
